plot_name,date,fieldform,lat,long,area,presence_goat,number_goat,presence_sheep,number_sheep,presence_cattle,number_cattle,livestock_comments,rotational_grazing,date_in,date_out,grazing_comments,game_presence,number_oryx,number_kudu,number_springbok,number_hartebeest,number_zebra,number_warthog,number_others,game_comments,rainfall_records,rainfall,rainfall_comments,other_comments
ghau_1,2023-02-15,D,-19.46402,17.79901,60.0,0,0.0,0,0.0,0,0.0,no cattle since May 2022,,,,no cattle since May 2022,1,0.0,12.0,0.0,0,0.0,0.0,0,Eland migrating. No cattle since 2022,1,600.0,.,.
ghau_2,2023-02-15,D,-19.45181,17.8007,2200.0,0,0.0,0,0.0,0,0.0,no cattle since May 2022,,,,no cattle ,1,0.0,15.0,300.0,30,40.0,0.0,420,"30 giraffe, 130 eland, 260 blesbok. general comment: lots of game all year around.",1,490.0,.,.
ghau_3,2023-02-15,D,-19.4272,17.75128,1600.0,0,0.0,0,0.0,0,0.0,no cattle since May 2022,,,,No cattle since May 2022,1,0.0,30.0,0.0,0,16.0,0.0,46,"30 eland, 16 sable. No cattle since 2022.",1,580.0,.,.
sude_1,2023-05-24,D,-25.64045,17.29546,672.0,0,0.0,0,0.0,1,30.0,.,0.0,,,permanent,1,5.0,5.0,80.0,0,0.0,0.0,5,5 eland,1,38.0,.,.
sude_2,2023-05-24,D,-25.6939,17.25251,910.0,0,0.0,0,0.0,1,45.0,.,0.0,,,permenent,1,0.0,5.0,0.0,0,0.0,0.0,0,.,1,54.0,.,.
sude_3,2023-05-24,D,-25.6674,17.28843,174.0,0,0.0,0,0.0,0,0.0,no livestock in this camp,0.0,,,there are no cattle as there is no water,1,0.0,3.0,0.0,0,0.0,0.0,0,5 eland,1,39.0,.,.
okah_1,2023-06-04,D,-20.8642,19.2306,,0,0.0,0,0.0,1,180.0,.,1.0,2023-04-30 00:00:00,.,Still in (on 04/06/2023),1,0.0,0.0,0.0,0,0.0,,0,"Duiker, dik dik and warthogs, number unknown",1,120.0,From Feb till date (04/06/2023),.
okah_2,2023-06-04,D,-20.8399,19.2343,,1,50.0,1,40.0,1,20.0,.,1.0,.,.,Goats and sheep are continuously in the camp at will. Still in.,1,0.0,,0.0,0,0.0,0.0,0,occasional kudu,1,120.0,From Feb till date (04/06/2023),.
okah_4,2023-06-04,D,-20.557,19.2881,,0,0.0,0,0.0,1,150.0,.,0.0,,,Continuous occupation without rotation of camp as it is a very large camp,1,0.0,0.0,0.0,0,0.0,,0,"warthog, number unknown",1,150.0,From Feb till date (04/06/2023),.
onam_1,2023-06-15,D,-17.51368,16.56017,1621.0,0,0.0,0,0.0,1,250.0,.,0.0,,,Grazing is January / December. There are also donkeys,1,0.0,0.0,0.0,0,0.0,0.0,0,"Duiker, steenbok",0,,.,Data is the same accorss the three plots
onam_2,2023-06-15,D,-17.52277,16.54667,1621.0,0,0.0,0,0.0,1,250.0,.,0.0,,,Grazing is January / December. There are also donkeys,1,0.0,0.0,0.0,0,0.0,0.0,0,"Duiker, steenbok",0,,.,Data is the same accorss the three plots
onam_5,2023-06-15,D,-17.52969,16.55458,1621.0,0,0.0,0,0.0,1,250.0,.,0.0,,,Grazing is January / December. There are also donkeys,1,0.0,0.0,0.0,0,0.0,0.0,0,"Duiker, steenbok",0,,.,Data is the same accorss the three plots
busc_1,2023-06-07,D,-26.83637,19.7791,450.0,0,0.0,1,120.0,0,0.0,.,1.0,2023-05-29 00:00:00,2023-08-30 00:00:00,.,1,0.0,7.0,0.0,0,0.0,0.0,0,kudus vary between 3 and 10,1,,.,.
busc_2,2023-06-07,D,-26.858,19.72761,400.0,0,0.0,1,110.0,0,0.0,.,1.0,2023-05-29 00:00:00,2023-08-30 00:00:00,.,1,0.0,7.0,0.0,0,0.0,0.0,0,kudus vary between 3 and 11,1,,.,.
busc_5,2023-06-07,D,-26.8434,19.76489,450.0,0,0.0,1,120.0,0,0.0,.,1.0,2023-05-29 00:00:00,2023-08-30 00:00:00,.,1,0.0,7.0,0.0,0,0.0,0.0,0,kudus vary between 3 and 12,1,,.,.
lard_1,2023-02-08,D,-19.9792,17.0277,206.0,1,60.0,0,0.0,1,80.0,.,1.0,.,.,2 days every two week during growing season,1,0.0,6.0,0.0,0,0.0,0.0,8,"duiker 3, steenbok 5",1,,.,.
lard_2,2023-02-08,D,-19.98798,17.04011,140.0,0,0.0,0,0.0,1,100.0,.,1.0,.,.,"5 week days, every 3 weeks i.e. grazed one week, rested two weeks during growing season",1,0.0,6.0,0.0,0,0.0,10.0,8,"duiker 3, 4-6 steenbok",1,,.,.
lard_3,2023-02-08,D,-19.93913,16.98984,200.0,0,0.0,0,0.0,1,90.0,.,1.0,.,.,5 weekdays every 3 weeks during growing season,1,6.0,6.0,0.0,0,0.0,11.0,8,"3-4 duiker,  4 steenbok",1,,.,.
tira_1,2023-05-26,D,-26.1352,16.56991,484.0,0,0.0,0,0.0,1,46.0,,1.0,.,.,6 months,1,10.0,0.0,40.0,0,0.0,0.0,5,.,1,8.0,.,.
tira_2,2023-05-26,D,-26.1483,16.53692,573.0,0,0.0,0,0.0,1,30.0,,1.0,.,.,6 months,1,10.0,0.0,40.0,0,0.0,0.0,0,.,1,8.0,.,.
tira_3,2023-05-26,D,-26.1595,16.6165,772.0,0,0.0,0,0.0,1,36.0,,1.0,.,.,6 months,1,26.0,0.0,26.0,0,0.0,0.0,0,.,1,8.0,.,.
agag_1,2023-02-17,D,-21.55676,17.2491,213.0,0,0.0,0,0.0,1,75.0,.,1.0,2022-12-16 00:00:00,2023-01-13 00:00:00,"part of 4 camp rotation, 830 ha",1,0.0,20.0,0.0,0,0.0,0.0,0,"part of 4 camp rotation, 830 ha",1,252.0,from 17/10/2022,.
agag_2,2023-02-16,D,-21.5441,17.2359,174.0,0,0.0,0,0.0,1,75.0,.,1.0,2023-01-13 00:00:00,2023-02-04 00:00:00,"part of 4 camp rotation, 830 ha",1,20.0,0.0,0.0,0,0.0,0.0,0,"part of 4 camp rotation, 830 ha",1,220.0,from 17/10/2022,.
agag_3,2023-02-16,D,-21.61654,17.25204,264.0,0,0.0,0,0.0,1,74.0,.,1.0,2022-12-16 00:00:00,2023-01-09 00:00:00,"part of 4 camp rotation, 864 ha",1,15.0,0.0,0.0,20,0.0,0.0,0,"part of 4 camp rotation, 864 ha",1,223.0,from 17/10/2022,.
uuko_2,2023-02-15,D,-17.66177,14.30567,150.0,1,,1,,1,,"200 animals, not specified which ones",0.0,.,.,all year around,1,0.0,0.0,,0,0.0,0.0,1,"springbok, duiker, elephant, numbers not given",0,,.,.
uuko_4,2023-02-15,D,-17.68637,14.30317,145.0,1,,1,,1,,300 animals not specified which ones,0.0,.,.,all year around,1,0.0,0.0,,0,0.0,0.0,1,"springbok, duiker, elephant, numbers not given",0,,.,.
uuko_5,2023-02-15,D,-17.67687,14.31107,50.0,1,,1,,1,,"100 animals, not specified which ones",0.0,.,.,all year around,1,0.0,0.0,,0,0.0,0.0,1,"springbok, duiker, elephant, numbers not given",0,,.,.
cala_1,2024-04-13,D,-21.4115,18.33389,180.0,0,0.0,0,0.0,1,162.0,.,1.0,2023-04-03 00:00:00,2023-04-13 00:00:00,bush rolled in November 2023,1,100.0,20.0,0.0,20,0.0,20.0,0,.,1,274.0,raining season 2023/2024 November till April,.
cala_2,2024-04-13,D,-21.44001,18.28947,170.0,0,0.0,0,0.0,1,147.0,.,1.0,2023-11-14 00:00:00,2023-11-20 00:00:00,.,1,80.0,20.0,0.0,10,0.0,40.0,0,.,1,312.0,raining season 2023/2024 November till April,.
cala_3,2024-04-14,D,-21.3988,18.26359,255.0,0,0.0,0,0.0,1,190.0,.,1.0,2024-01-04 00:00:00,2024-01-15 00:00:00,.,1,40.0,30.0,0.0,20,0.0,60.0,0,.,1,312.0,raining season 2023/2024 November till April,.
okar_1,2023-02-18,D,-21.33501,15.60011,4600.0,1,120.0,1,20.0,1,20.0,.,0.0,,,cattle graze throught. Sheep and goats 20 days. ,1,20.0,20.0,0.0,0,0.0,30.0,0,.,.,,.,"the three sites seems to have falle in the same camp, hence why the information is repeated"
okar_2,2023-02-18,D,-21.3412,15.57402,4600.0,1,120.0,1,20.0,1,20.0,.,0.0,,,cattle graze throught. Sheep and goats 20 days. ,1,20.0,20.0,0.0,0,0.0,30.0,0,.,.,,.,"the three sites seems to have falle in the same camp, hence why the information is repeated"
okar_6,2023-02-18,D,-21.34123,15.5888,4600.0,1,120.0,1,20.0,1,20.0,.,0.0,,,cattle graze throught. Sheep and goats 20 days. ,1,20.0,20.0,0.0,0,0.0,30.0,0,.,.,,.,"the three sites seems to have falle in the same camp, hence why the information is repeated"
okon_1,2023-02-15,D,-17.52267,17.79067,70.0,0,0.0,0,0.0,1,40.0,.,0.0,,,Grazing throughout the year,1,0.0,0.0,0.0,0,0.0,0.0,0,"Duiker, steenbok, ?",0,,.,.
okon_3,2023-02-15,D,-17.52224,17.75955,180.0,0,0.0,0,0.0,1,80.0,.,0.0,,,Grazing throughout the year,1,0.0,0.0,0.0,0,0.0,0.0,0,"Duiker, steenbok, ?",0,,.,.
okon_5,2023-02-15,D,-17.52146,17.77131,120.0,0,0.0,0,0.0,1,80.0,.,0.0,,,Grazing throughout the year,1,0.0,0.0,0.0,0,0.0,0.0,0,"Duiker, steenbok, ?",0,,.,.
ogon_4,2023-02-27,D,-17.6941,15.2929,140.0,0,0.0,0,0.0,1,30.0,.,1.0,.,.,the camp is grazed for 2 months,0,0.0,0.0,0.0,0,0.0,0.0,0,,0,,.,.
ogon_5,2023-02-27,D,-17.6636,15.3132,1000.0,0,0.0,0,0.0,.,,.,0.0,.,.,the camp is grazed throughout the year,1,,0.0,,0,,0.0,0,"zebra, giraffe, springbok and oryx are mentioned but no number has been given",0,,.,.
ogon_6,2023-02-27,D,-17.6823,15.313,135.0,0,0.0,0,0.0,1,30.0,.,1.0,.,.,the camp is grazed for 2 months,0,0.0,0.0,0.0,0,0.0,0.0,0,,0,,.,.
beul_1,2024-03-02,D,-19.62969,14.8932,285.0,0,0.0,0,0.0,0,0.0,.,0.0,.,.,none,1,2.0,20.0,0.0,0,0.0,0.0,8,Giraffe (3) and Eland (5),1,214.0,.,.
beul_2,2024-03-02,D,-19.63927,14.92211,425.0,0,0.0,0,0.0,1,45.0,.,1.0,.,.,complete period excluding 2 weeks,1,2.0,20.0,14.0,0,0.0,0.0,20,Giraffe (8) and Eland (12),1,214.0,.,.
beul_4,2024-03-02,D,-19.65219,14.87441,270.0,1,120.0,0,0.0,1,65.0,.,1.0,.,.,65 days end Sept to early December,1,0.0,15.0,5.0,0,0.0,0.0,0,.,1,169.0,.,.
moll_1,2024-02-10,D,-22.45829,19.72756,449.0,0,0.0,0,0.0,1,110.0,.,1.0,2023-09-01 00:00:00,2024-08-31 00:00:00,rest from september to august one year/ grazed from september to august,1,100.0,0.0,5.0,0,0.0,0.0,0,.,1,39.0,2024-01-01 00:00:00,.
moll_2,2024-02-10,D,-22.45986,19.75944,669.0,0,0.0,0,0.0,1,110.0,.,1.0,2023-09-01 00:00:00,2024-08-31 00:00:00,rest from september to august one year/ grazed from september to august,1,100.0,0.0,5.0,0,0.0,0.0,0,.,1,39.0,2024-01-02 00:00:00,.
moll_3,2024-02-10,D,-22.492,19.7671,318.0,0,0.0,0,0.0,1,110.0,.,1.0,2023-09-01 00:00:00,2024-08-31 00:00:00,rest from september to august one year/ grazed from september to august,1,100.0,0.0,0.0,0,0.0,0.0,0,.,1,45.0,2024-01-03 00:00:00,.
