plot_name,date,fieldform,lat,long,quadrate_transect,distance,standing_crop_estimate,max_height,old_standing_%,clipped
ogon_4,2023-05-25,B,-17.6941,15.2929,CD,4.0,100.0,7.5,5.0,1
ogon_4,2023-05-25,B,-17.6941,15.2929,CD,11.0,90.0,7.5,4.0,1
ogon_4,2023-05-25,B,-17.6941,15.2929,CD,18.0,40.0,6.0,1.0,1
ogon_4,2023-05-25,B,-17.6941,15.2929,CD,26.0,30.0,4.1,2.0,1
ogon_4,2023-05-25,B,-17.6941,15.2929,CD,33.0,80.0,6.5,1.0,1
ogon_4,2023-05-25,B,-17.6941,15.2929,CD,39.0,90.0,5.8,2.0,1
ogon_4,2023-05-25,B,-17.6941,15.2929,CD,46.0,500.0,8.5,2.0,1
ogon_4,2023-05-25,B,-17.6941,15.2929,AB,5.0,1.0,5.8,1.0,1
ogon_4,2023-05-25,B,-17.6941,15.2929,AB,13.0,2.0,2.2,2.0,1
ogon_4,2023-05-25,B,-17.6941,15.2929,AB,22.0,45.0,6.0,5.0,1
ogon_4,2023-05-25,B,-17.6941,15.2929,AB,30.0,60.0,7.0,1.0,1
ogon_4,2023-05-25,B,-17.6941,15.2929,AB,38.0,4.0,5.8,1.0,1
ogon_4,2023-05-25,B,-17.6941,15.2929,AB,45.0,70.0,7.0,1.0,1
ogon_4,2023-05-25,B,-17.6941,15.2929,EF,4.0,50.0,6.0,4.0,1
ogon_4,2023-05-25,B,-17.6941,15.2929,EF,11.0,80.0,6.0,10.0,1
ogon_4,2023-05-25,B,-17.6941,15.2929,EF,18.0,100.0,7.8,1.0,1
ogon_4,2023-05-25,B,-17.6941,15.2929,EF,25.0,50.0,7.0,1.0,1
ogon_4,2023-05-25,B,-17.6941,15.2929,EF,35.0,50.0,6.0,7.0,1
ogon_4,2023-05-25,B,-17.6941,15.2929,EF,39.0,500.0,9.0,8.0,1
ogon_4,2023-05-25,B,-17.6941,15.2929,EF,47.0,50.0,4.6,2.0,1
ogon_5,2023-05-23,B,-17.6636,15.3132,CD,4.0,20.0,3.2,1.0,1
ogon_5,2023-05-23,B,-17.6636,15.3132,CD,11.0,10.0,1.5,1.0,1
ogon_5,2023-05-23,B,-17.6636,15.3132,CD,18.0,10.0,3.0,1.0,1
ogon_5,2023-05-23,B,-17.6636,15.3132,CD,26.0,10.0,1.0,1.0,1
ogon_5,2023-05-23,B,-17.6636,15.3132,CD,33.0,10.0,1.0,1.0,1
ogon_5,2023-05-23,B,-17.6636,15.3132,CD,39.0,0.0,0.0,0.0,0
ogon_5,2023-05-23,B,-17.6636,15.3132,CD,46.0,20.0,2.5,1.0,1
ogon_5,2023-05-23,B,-17.6636,15.3132,AB,5.0,10.0,4.5,2.0,1
ogon_5,2023-05-23,B,-17.6636,15.3132,AB,13.0,10.0,3.3,3.0,1
ogon_5,2023-05-23,B,-17.6636,15.3132,AB,22.0,5.0,4.0,2.0,1
ogon_5,2023-05-23,B,-17.6636,15.3132,AB,30.0,20.0,4.0,1.0,1
ogon_5,2023-05-23,B,-17.6636,15.3132,AB,38.0,20.0,2.2,1.0,1
ogon_5,2023-05-23,B,-17.6636,15.3132,AB,45.0,0.0,0.0,0.0,0
ogon_5,2023-05-23,B,-17.6636,15.3132,EF,4.0,10.0,2.5,1.0,1
ogon_5,2023-05-23,B,-17.6636,15.3132,EF,11.0,10.0,2.2,1.0,1
ogon_5,2023-05-23,B,-17.6636,15.3132,EF,18.0,10.0,2.0,0.0,0
ogon_5,2023-05-23,B,-17.6636,15.3132,EF,25.0,10.0,3.0,0.0,1
ogon_5,2023-05-23,B,-17.6636,15.3132,EF,33.0,10.0,2.5,1.0,1
ogon_5,2023-05-23,B,-17.6636,15.3132,EF,39.0,10.0,2.0,0.0,1
ogon_5,2023-05-23,B,-17.6636,15.3132,EF,46.0,10.0,2.4,1.0,1
ogon_6,2023-05-24,B,-17.6823,15.313,CD,4.0,1.0,2.8,1.0,1
ogon_6,2023-05-24,B,-17.6823,15.313,CD,13.0,8.0,5.0,2.0,1
ogon_6,2023-05-24,B,-17.6823,15.313,CD,18.0,7.0,4.0,1.0,1
ogon_6,2023-05-24,B,-17.6823,15.313,CD,26.0,10.0,4.0,0.0,1
ogon_6,2023-05-24,B,-17.6823,15.313,CD,33.0,7.0,42.0,1.0,1
ogon_6,2023-05-24,B,-17.6823,15.313,CD,40.0,0.0,0.0,0.0,0
ogon_6,2023-05-24,B,-17.6823,15.313,CD,46.0,5.0,3.0,1.0,1
ogon_6,2023-05-24,B,-17.6823,15.313,AB,5.0,20.0,1.9,0.0,1
ogon_6,2023-05-24,B,-17.6823,15.313,AB,15.0,10.0,3.8,0.0,1
ogon_6,2023-05-24,B,-17.6823,15.313,AB,25.0,10.0,1.0,0.0,1
ogon_6,2023-05-24,B,-17.6823,15.313,AB,30.0,10.0,2.0,0.0,1
ogon_6,2023-05-24,B,-17.6823,15.313,AB,42.0,10.0,1.5,0.0,1
ogon_6,2023-05-24,B,-17.6823,15.313,AB,45.0,0.0,0.0,0.0,0
ogon_6,2023-05-24,B,-17.6823,15.313,EF,4.0,20.0,2.4,0.0,1
ogon_6,2023-05-24,B,-17.6823,15.313,EF,11.0,20.0,2.0,0.0,1
ogon_6,2023-05-24,B,-17.6823,15.313,EF,18.0,20.0,4.9,0.0,1
ogon_6,2023-05-24,B,-17.6823,15.313,EF,25.0,30.0,4.7,1.0,1
ogon_6,2023-05-24,B,-17.6823,15.313,EF,35.0,0.0,0.0,0.0,0
ogon_6,2023-05-24,B,-17.6823,15.313,EF,39.0,10.0,3.0,0.0,1
ogon_6,2023-05-24,B,-17.6823,15.313,EF,47.0,10.0,2.4,0.0,1
tira_1,2023-05-25,B,-26.1352,16.56991,CD,4.0,55.0,35.0,100.0,1
tira_1,2023-05-25,B,-26.1352,16.56991,CD,11.0,20.0,40.0,100.0,0
tira_1,2023-05-25,B,-26.1352,16.56991,CD,18.0,25.0,30.0,100.0,0
tira_1,2023-05-25,B,-26.1352,16.56991,CD,25.0,10.0,20.0,100.0,0
tira_1,2023-05-25,B,-26.1352,16.56991,CD,32.0,10.0,20.0,100.0,0
tira_1,2023-05-25,B,-26.1352,16.56991,CD,39.0,15.0,45.0,100.0,1
tira_1,2023-05-25,B,-26.1352,16.56991,CD,46.0,15.0,20.0,100.0,0
tira_1,2023-05-25,B,-26.1352,16.56991,AB,5.0,0.0,0.0,0.0,0
tira_1,2023-05-25,B,-26.1352,16.56991,AB,13.0,90.0,65.0,100.0,1
tira_1,2023-05-25,B,-26.1352,16.56991,AB,22.0,0.0,0.0,0.0,0
tira_1,2023-05-25,B,-26.1352,16.56991,AB,30.0,50.0,45.0,100.0,1
tira_1,2023-05-25,B,-26.1352,16.56991,AB,38.0,10.0,10.0,100.0,0
tira_1,2023-05-25,B,-26.1352,16.56991,AB,45.0,15.0,20.0,100.0,0
tira_1,2023-05-25,B,-26.1352,16.56991,EF,4.0,70.0,45.0,100.0,1
tira_1,2023-05-25,B,-26.1352,16.56991,EF,11.0,15.0,40.0,100.0,0
tira_1,2023-05-25,B,-26.1352,16.56991,EF,18.0,17.0,20.0,100.0,1
tira_1,2023-05-25,B,-26.1352,16.56991,EF,25.0,12.0,15.0,100.0,0
tira_1,2023-05-25,B,-26.1352,16.56991,EF,32.0,0.0,0.0,0.0,0
tira_1,2023-05-25,B,-26.1352,16.56991,EF,39.0,0.0,0.0,0.0,0
tira_1,2023-05-25,B,-26.1352,16.56991,EF,46.0,0.0,0.0,0.0,0
tira_2,2023-05-25,B,-26.1483,16.53692,CD,4.0,70.0,55.0,100.0,0
tira_2,2023-05-25,B,-26.1483,16.53692,CD,11.0,150.0,65.0,100.0,1
tira_2,2023-05-25,B,-26.1483,16.53692,CD,18.0,100.0,70.0,100.0,0
tira_2,2023-05-25,B,-26.1483,16.53692,CD,25.0,110.0,60.0,100.0,1
tira_2,2023-05-25,B,-26.1483,16.53692,CD,32.0,90.0,50.0,100.0,0
tira_2,2023-05-25,B,-26.1483,16.53692,CD,39.0,90.0,55.0,100.0,0
tira_2,2023-05-25,B,-26.1483,16.53692,CD,46.0,80.0,55.0,100.0,0
tira_2,2023-05-25,B,-26.1483,16.53692,AB,5.0,140.0,60.0,100.0,1
tira_2,2023-05-25,B,-26.1483,16.53692,AB,13.0,100.0,60.0,100.0,0
tira_2,2023-05-25,B,-26.1483,16.53692,AB,22.0,90.0,60.0,100.0,0
tira_2,2023-05-25,B,-26.1483,16.53692,AB,30.0,60.0,55.0,100.0,1
tira_2,2023-05-25,B,-26.1483,16.53692,AB,38.0,80.0,60.0,100.0,0
tira_2,2023-05-25,B,-26.1483,16.53692,AB,45.0,110.0,55.0,100.0,0
tira_2,2023-05-25,B,-26.1483,16.53692,EF,4.0,70.0,55.0,100.0,1
tira_2,2023-05-25,B,-26.1483,16.53692,EF,11.0,100.0,60.0,100.0,0
tira_2,2023-05-25,B,-26.1483,16.53692,EF,18.0,100.0,50.0,100.0,0
tira_2,2023-05-25,B,-26.1483,16.53692,EF,25.0,60.0,30.0,100.0,0
tira_2,2023-05-25,B,-26.1483,16.53692,EF,32.0,60.0,70.0,100.0,0
tira_2,2023-05-25,B,-26.1483,16.53692,EF,39.0,110.0,65.0,100.0,1
tira_2,2023-05-25,B,-26.1483,16.53692,EF,46.0,80.0,70.0,100.0,0
tira_3,2023-05-25,B,-26.1595,16.6165,CD,4.0,5.0,5.0,100.0,0
tira_3,2023-05-25,B,-26.1595,16.6165,CD,11.0,20.0,15.0,100.0,1
tira_3,2023-05-25,B,-26.1595,16.6165,CD,18.0,35.0,30.0,100.0,1
tira_3,2023-05-25,B,-26.1595,16.6165,CD,25.0,20.0,25.0,100.0,0
tira_3,2023-05-25,B,-26.1595,16.6165,CD,32.0,15.0,30.0,100.0,0
tira_3,2023-05-25,B,-26.1595,16.6165,CD,39.0,12.0,15.0,100.0,0
tira_3,2023-05-25,B,-26.1595,16.6165,CD,46.0,7.0,10.0,100.0,0
tira_3,2023-05-25,B,-26.1595,16.6165,AB,5.0,7.0,7.0,100.0,0
tira_3,2023-05-25,B,-26.1595,16.6165,AB,13.0,7.0,8.0,100.0,0
tira_3,2023-05-25,B,-26.1595,16.6165,AB,22.0,18.0,30.0,100.0,1
tira_3,2023-05-25,B,-26.1595,16.6165,AB,30.0,6.0,5.0,100.0,0
tira_3,2023-05-25,B,-26.1595,16.6165,AB,38.0,0.0,0.0,0.0,0
tira_3,2023-05-25,B,-26.1595,16.6165,AB,45.0,10.0,15.0,100.0,1
tira_3,2023-05-25,B,-26.1595,16.6165,EF,4.0,10.0,7.0,100.0,0
tira_3,2023-05-25,B,-26.1595,16.6165,EF,11.0,0.0,0.0,0.0,0
tira_3,2023-05-25,B,-26.1595,16.6165,EF,18.0,15.0,20.0,100.0,1
tira_3,2023-05-25,B,-26.1595,16.6165,EF,25.0,10.0,10.0,100.0,0
tira_3,2023-05-25,B,-26.1595,16.6165,EF,32.0,20.0,20.0,100.0,1
tira_3,2023-05-25,B,-26.1595,16.6165,EF,39.0,5.0,7.0,100.0,0
tira_3,2023-05-25,B,-26.1595,16.6165,EF,46.0,10.0,15.0,100.0,0
sude_1,2023-05-24,B,-25.64045,17.29546,CD,4.0,40.0,60.0,50.0,0
sude_1,2023-05-24,B,-25.64045,17.29546,CD,11.0,70.0,50.0,50.0,1
sude_1,2023-05-24,B,-25.64045,17.29546,CD,18.0,60.0,60.0,50.0,0
sude_1,2023-05-24,B,-25.64045,17.29546,CD,25.0,70.0,60.0,50.0,0
sude_1,2023-05-24,B,-25.64045,17.29546,CD,32.0,20.0,50.0,50.0,1
sude_1,2023-05-24,B,-25.64045,17.29546,CD,39.0,25.0,50.0,50.0,0
sude_1,2023-05-24,B,-25.64045,17.29546,CD,46.0,15.0,30.0,50.0,1
sude_1,2023-05-24,B,-25.64045,17.29546,AB,5.0,25.0,30.0,50.0,1
sude_1,2023-05-24,B,-25.64045,17.29546,AB,13.0,35.0,65.0,50.0,0
sude_1,2023-05-24,B,-25.64045,17.29546,AB,22.0,25.0,20.0,50.0,0
sude_1,2023-05-24,B,-25.64045,17.29546,AB,30.0,20.0,30.0,50.0,0
sude_1,2023-05-24,B,-25.64045,17.29546,AB,38.0,15.0,30.0,50.0,0
sude_1,2023-05-24,B,-25.64045,17.29546,AB,45.0,0.0,0.0,0.0,1
sude_1,2023-05-24,B,-25.64045,17.29546,EF,4.0,70.0,50.0,50.0,1
sude_1,2023-05-24,B,-25.64045,17.29546,EF,11.0,50.0,70.0,50.0,1
sude_1,2023-05-24,B,-25.64045,17.29546,EF,18.0,40.0,60.0,50.0,0
sude_1,2023-05-24,B,-25.64045,17.29546,EF,25.0,30.0,60.0,50.0,0
sude_1,2023-05-24,B,-25.64045,17.29546,EF,32.0,50.0,65.0,50.0,0
sude_1,2023-05-24,B,-25.64045,17.29546,EF,39.0,20.0,25.0,50.0,0
sude_1,2023-05-24,B,-25.64045,17.29546,EF,46.0,40.0,60.0,50.0,0
sude_2,2023-05-23,B,-25.6939,17.25251,CD,4.0,50.0,30.0,70.0,0
sude_2,2023-05-23,B,-25.6939,17.25251,CD,11.0,30.0,35.0,50.0,1
sude_2,2023-05-23,B,-25.6939,17.25251,CD,18.0,10.0,25.0,100.0,0
sude_2,2023-05-23,B,-25.6939,17.25251,CD,25.0,130.0,40.0,50.0,1
sude_2,2023-05-23,B,-25.6939,17.25251,CD,32.0,50.0,52.0,100.0,0
sude_2,2023-05-23,B,-25.6939,17.25251,CD,39.0,30.0,50.0,100.0,0
sude_2,2023-05-23,B,-25.6939,17.25251,CD,46.0,5.0,10.0,100.0,0
sude_2,2023-05-23,B,-25.6939,17.25251,AB,5.0,0.0,0.0,0.0,0
sude_2,2023-05-23,B,-25.6939,17.25251,AB,13.0,70.0,60.0,70.0,1
sude_2,2023-05-23,B,-25.6939,17.25251,AB,22.0,150.0,65.0,50.0,1
sude_2,2023-05-23,B,-25.6939,17.25251,AB,30.0,85.0,75.0,80.0,0
sude_2,2023-05-23,B,-25.6939,17.25251,AB,38.0,40.0,40.0,90.0,0
sude_2,2023-05-23,B,-25.6939,17.25251,AB,45.0,0.0,0.0,0.0,0
sude_2,2023-05-23,B,-25.6939,17.25251,EF,4.0,70.0,28.0,80.0,1
sude_2,2023-05-23,B,-25.6939,17.25251,EF,11.0,20.0,25.0,80.0,0
sude_2,2023-05-23,B,-25.6939,17.25251,EF,18.0,60.0,35.0,70.0,0
sude_2,2023-05-23,B,-25.6939,17.25251,EF,25.0,0.0,0.0,0.0,0
sude_2,2023-05-23,B,-25.6939,17.25251,EF,32.0,50.0,35.0,100.0,0
sude_2,2023-05-23,B,-25.6939,17.25251,EF,39.0,15.0,25.0,100.0,1
sude_2,2023-05-23,B,-25.6939,17.25251,EF,46.0,45.0,38.0,60.0,0
sude_3,2023-05-24,B,-25.6674,17.28843,CD,4.0,70.0,50.0,50.0,0
sude_3,2023-05-24,B,-25.6674,17.28843,CD,11.0,70.0,45.0,80.0,1
sude_3,2023-05-24,B,-25.6674,17.28843,CD,18.0,40.0,40.0,80.0,0
sude_3,2023-05-24,B,-25.6674,17.28843,CD,25.0,60.0,45.0,70.0,0
sude_3,2023-05-24,B,-25.6674,17.28843,CD,32.0,140.0,60.0,80.0,1
sude_3,2023-05-24,B,-25.6674,17.28843,CD,39.0,60.0,60.0,80.0,0
sude_3,2023-05-24,B,-25.6674,17.28843,CD,46.0,80.0,62.0,70.0,0
sude_3,2023-05-24,B,-25.6674,17.28843,AB,5.0,160.0,70.0,70.0,1
sude_3,2023-05-24,B,-25.6674,17.28843,AB,13.0,100.0,70.0,60.0,0
sude_3,2023-05-24,B,-25.6674,17.28843,AB,22.0,90.0,60.0,70.0,0
sude_3,2023-05-24,B,-25.6674,17.28843,AB,30.0,100.0,60.0,60.0,0
sude_3,2023-05-24,B,-25.6674,17.28843,AB,38.0,80.0,50.0,70.0,0
sude_3,2023-05-24,B,-25.6674,17.28843,AB,45.0,120.0,65.0,70.0,1
sude_3,2023-05-24,B,-25.6674,17.28843,EF,4.0,110.0,65.0,70.0,0
sude_3,2023-05-24,B,-25.6674,17.28843,EF,11.0,110.0,55.0,70.0,1
sude_3,2023-05-24,B,-25.6674,17.28843,EF,18.0,90.0,50.0,70.0,0
sude_3,2023-05-24,B,-25.6674,17.28843,EF,25.0,60.0,45.0,80.0,1
sude_3,2023-05-24,B,-25.6674,17.28843,EF,32.0,40.0,60.0,70.0,0
sude_3,2023-05-24,B,-25.6674,17.28843,EF,39.0,100.0,55.0,75.0,0
sude_3,2023-05-24,B,-25.6674,17.28843,EF,46.0,120.0,60.0,60.0,0
busc_1,2023-06-07,B,-26.83637,19.7791,CD,4.0,0.0,0.0,0.0,0
busc_1,2023-06-07,B,-26.83637,19.7791,CD,11.0,0.0,0.0,0.0,0
busc_1,2023-06-07,B,-26.83637,19.7791,CD,18.0,192.0,45.0,1.0,1
busc_1,2023-06-07,B,-26.83637,19.7791,CD,25.0,0.0,0.0,0.0,0
busc_1,2023-06-07,B,-26.83637,19.7791,CD,32.0,192.0,20.0,1.0,0
busc_1,2023-06-07,B,-26.83637,19.7791,CD,39.0,0.0,0.0,0.0,0
busc_1,2023-06-07,B,-26.83637,19.7791,CD,46.0,192.0,51.0,3.0,1
busc_1,2023-06-07,B,-26.83637,19.7791,AB,5.0,192.0,35.0,1.0,1
busc_1,2023-06-07,B,-26.83637,19.7791,AB,13.0,0.0,0.0,0.0,0
busc_1,2023-06-07,B,-26.83637,19.7791,AB,22.0,0.0,0.0,0.0,0
busc_1,2023-06-07,B,-26.83637,19.7791,AB,30.0,192.0,32.0,1.0,1
busc_1,2023-06-07,B,-26.83637,19.7791,AB,38.0,0.0,0.0,0.0,0
busc_1,2023-06-07,B,-26.83637,19.7791,AB,45.0,0.0,0.0,0.0,0
busc_1,2023-06-07,B,-26.83637,19.7791,EF,4.0,192.0,48.0,1.0,1
busc_1,2023-06-07,B,-26.83637,19.7791,EF,11.0,0.0,0.0,0.0,0
busc_1,2023-06-07,B,-26.83637,19.7791,EF,18.0,0.0,0.0,0.0,0
busc_1,2023-06-07,B,-26.83637,19.7791,EF,25.0,0.0,0.0,0.0,0
busc_1,2023-06-07,B,-26.83637,19.7791,EF,32.0,0.0,0.0,0.0,0
busc_1,2023-06-07,B,-26.83637,19.7791,EF,39.0,192.0,55.0,1.0,0
busc_1,2023-06-07,B,-26.83637,19.7791,EF,46.0,192.0,66.0,1.0,1
busc_2,2023-06-06,B,-26.858,19.72761,CD,4.0,0.0,0.0,0.0,0
busc_2,2023-06-06,B,-26.858,19.72761,CD,11.0,192.0,78.0,2.0,1
busc_2,2023-06-06,B,-26.858,19.72761,CD,18.0,0.0,0.0,0.0,0
busc_2,2023-06-06,B,-26.858,19.72761,CD,25.0,192.0,81.0,5.0,1
busc_2,2023-06-06,B,-26.858,19.72761,CD,32.0,192.0,55.0,3.0,0
busc_2,2023-06-06,B,-26.858,19.72761,CD,39.0,0.0,0.0,0.0,0
busc_2,2023-06-06,B,-26.858,19.72761,CD,46.0,192.0,60.0,1.0,0
busc_2,2023-06-06,B,-26.858,19.72761,AB,5.0,192.0,78.0,20.0,0
busc_2,2023-06-06,B,-26.858,19.72761,AB,13.0,192.0,95.0,15.0,1
busc_2,2023-06-06,B,-26.858,19.72761,AB,22.0,192.0,93.0,10.0,0
busc_2,2023-06-06,B,-26.858,19.72761,AB,30.0,0.0,0.0,0.0,0
busc_2,2023-06-06,B,-26.858,19.72761,AB,38.0,192.0,47.0,5.0,1
busc_2,2023-06-06,B,-26.858,19.72761,AB,45.0,0.0,0.0,0.0,0
busc_2,2023-06-06,B,-26.858,19.72761,EF,4.0,192.0,91.0,1.0,1
busc_2,2023-06-06,B,-26.858,19.72761,EF,11.0,192.0,45.0,1.0,0
busc_2,2023-06-06,B,-26.858,19.72761,EF,18.0,192.0,32.0,1.0,1
busc_2,2023-06-06,B,-26.858,19.72761,EF,25.0,0.0,0.0,0.0,0
busc_2,2023-06-06,B,-26.858,19.72761,EF,32.0,0.0,0.0,0.0,0
busc_2,2023-06-06,B,-26.858,19.72761,EF,39.0,0.0,0.0,0.0,0
busc_2,2023-06-06,B,-26.858,19.72761,EF,46.0,0.0,0.0,0.0,0
busc_5,2023-06-07,B,-26.8434,19.76489,CD,4.0,0.0,0.0,0.0,0
busc_5,2023-06-07,B,-26.8434,19.76489,CD,11.0,0.0,0.0,0.0,0
busc_5,2023-06-07,B,-26.8434,19.76489,CD,18.0,0.0,0.0,0.0,0
busc_5,2023-06-07,B,-26.8434,19.76489,CD,25.0,0.0,0.0,0.0,0
busc_5,2023-06-07,B,-26.8434,19.76489,CD,32.0,0.0,0.0,0.0,0
busc_5,2023-06-07,B,-26.8434,19.76489,CD,39.0,0.0,0.0,0.0,0
busc_5,2023-06-07,B,-26.8434,19.76489,CD,46.0,0.0,0.0,0.0,0
busc_5,2023-06-07,B,-26.8434,19.76489,AB,5.0,0.0,0.0,0.0,0
busc_5,2023-06-07,B,-26.8434,19.76489,AB,13.0,0.0,0.0,0.0,0
busc_5,2023-06-07,B,-26.8434,19.76489,AB,22.0,0.0,0.0,0.0,0
busc_5,2023-06-07,B,-26.8434,19.76489,AB,30.0,0.0,0.0,0.0,0
busc_5,2023-06-07,B,-26.8434,19.76489,AB,38.0,0.0,0.0,0.0,0
busc_5,2023-06-07,B,-26.8434,19.76489,AB,45.0,0.0,0.0,0.0,0
busc_5,2023-06-07,B,-26.8434,19.76489,EF,4.0,0.0,0.0,0.0,0
busc_5,2023-06-07,B,-26.8434,19.76489,EF,11.0,0.0,0.0,0.0,0
busc_5,2023-06-07,B,-26.8434,19.76489,EF,18.0,0.0,0.0,0.0,0
busc_5,2023-06-07,B,-26.8434,19.76489,EF,25.0,0.0,0.0,0.0,0
busc_5,2023-06-07,B,-26.8434,19.76489,EF,32.0,0.0,0.0,0.0,0
busc_5,2023-06-07,B,-26.8434,19.76489,EF,39.0,0.0,0.0,0.0,0
busc_5,2023-06-07,B,-26.8434,19.76489,EF,46.0,0.0,0.0,0.0,0
uuko_2,2023-06-17,B,-17.66177,14.30567,CD,4.0,396.9,18.0,0.0,0
uuko_2,2023-06-17,B,-17.66177,14.30567,CD,11.0,396.9,80.0,0.7,1
uuko_2,2023-06-17,B,-17.66177,14.30567,CD,18.0,396.9,29.0,0.0,0
uuko_2,2023-06-17,B,-17.66177,14.30567,CD,26.0,396.9,78.0,0.9,1
uuko_2,2023-06-17,B,-17.66177,14.30567,CD,32.0,396.9,40.0,0.0,0
uuko_2,2023-06-17,B,-17.66177,14.30567,CD,39.0,396.9,78.0,0.0,0
uuko_2,2023-06-17,B,-17.66177,14.30567,CD,46.0,396.9,42.0,0.3,0
uuko_2,2023-06-17,B,-17.66177,14.30567,AB,5.0,396.9,30.0,0.0,1
uuko_2,2023-06-17,B,-17.66177,14.30567,AB,13.0,396.9,25.0,0.0,0
uuko_2,2023-06-17,B,-17.66177,14.30567,AB,22.0,396.9,1.5,0.8,0
uuko_2,2023-06-17,B,-17.66177,14.30567,AB,30.0,396.9,68.0,0.9,1
uuko_2,2023-06-17,B,-17.66177,14.30567,AB,38.0,396.9,15.0,0.0,0
uuko_2,2023-06-17,B,-17.66177,14.30567,AB,45.0,396.9,36.0,0.0,0
uuko_2,2023-06-17,B,-17.66177,14.30567,EF,6.0,396.9,59.0,0.0,0
uuko_2,2023-06-17,B,-17.66177,14.30567,EF,12.0,396.9,80.0,0.5,1
uuko_2,2023-06-17,B,-17.66177,14.30567,EF,18.0,396.9,37.0,0.0,1
uuko_2,2023-06-17,B,-17.66177,14.30567,EF,25.0,396.9,7.0,0.0,0
uuko_2,2023-06-17,B,-17.66177,14.30567,EF,32.0,396.9,24.0,0.0,0
uuko_2,2023-06-17,B,-17.66177,14.30567,EF,39.0,396.9,25.0,0.0,0
uuko_2,2023-06-17,B,-17.66177,14.30567,EF,46.0,396.9,65.0,0.0,0
uuko_4,2023-06-18,B,-17.68637,14.30317,CD,4.0,35.0,23.0,0.0,1
uuko_4,2023-06-18,B,-17.68637,14.30317,CD,11.0,35.0,35.0,0.0,0
uuko_4,2023-06-18,B,-17.68637,14.30317,CD,18.0,35.0,28.0,0.0,0
uuko_4,2023-06-18,B,-17.68637,14.30317,CD,25.0,35.0,25.0,0.0,0
uuko_4,2023-06-18,B,-17.68637,14.30317,CD,32.0,35.0,40.0,0.0,0
uuko_4,2023-06-18,B,-17.68637,14.30317,CD,39.0,35.0,19.0,0.0,0
uuko_4,2023-06-18,B,-17.68637,14.30317,CD,46.0,35.0,32.0,0.0,1
uuko_4,2023-06-18,B,-17.68637,14.30317,AB,5.0,35.0,65.0,0.0,0
uuko_4,2023-06-18,B,-17.68637,14.30317,AB,13.0,35.0,33.0,0.0,1
uuko_4,2023-06-18,B,-17.68637,14.30317,AB,22.0,35.0,23.0,0.0,0
uuko_4,2023-06-18,B,-17.68637,14.30317,AB,30.0,35.0,120.0,0.0,0
uuko_4,2023-06-18,B,-17.68637,14.30317,AB,38.0,35.0,28.0,0.0,1
uuko_4,2023-06-18,B,-17.68637,14.30317,AB,45.0,35.0,80.0,0.0,0
uuko_4,2023-06-18,B,-17.68637,14.30317,EF,4.0,35.0,63.0,1.0,0
uuko_4,2023-06-18,B,-17.68637,14.30317,EF,12.0,35.0,35.0,0.0,0
uuko_4,2023-06-18,B,-17.68637,14.30317,EF,18.0,35.0,60.0,0.0,1
uuko_4,2023-06-18,B,-17.68637,14.30317,EF,25.0,35.0,59.0,0.0,0
uuko_4,2023-06-18,B,-17.68637,14.30317,EF,32.0,35.0,31.0,0.0,1
uuko_4,2023-06-18,B,-17.68637,14.30317,EF,39.0,35.0,21.0,0.0,0
uuko_4,2023-06-18,B,-17.68637,14.30317,EF,46.0,35.0,40.0,0.0,0
uuko_5,2023-06-17,B,-17.67687,14.31107,CD,4.0,35.0,18.0,0.0,0
uuko_5,2023-06-17,B,-17.67687,14.31107,CD,12.0,35.0,20.0,0.95,1
uuko_5,2023-06-17,B,-17.67687,14.31107,CD,18.0,35.0,43.0,0.0,0
uuko_5,2023-06-17,B,-17.67687,14.31107,CD,25.0,35.0,13.0,0.0,0
uuko_5,2023-06-17,B,-17.67687,14.31107,CD,32.0,35.0,25.0,0.0,1
uuko_5,2023-06-17,B,-17.67687,14.31107,CD,39.0,35.0,18.0,0.0,0
uuko_5,2023-06-17,B,-17.67687,14.31107,CD,46.0,35.0,18.5,0.0,0
uuko_5,2023-06-17,B,-17.67687,14.31107,AB,5.0,35.0,34.0,0.0,0
uuko_5,2023-06-17,B,-17.67687,14.31107,AB,13.0,35.0,19.0,0.0,0
uuko_5,2023-06-17,B,-17.67687,14.31107,AB,22.0,35.0,16.0,0.0,0
uuko_5,2023-06-17,B,-17.67687,14.31107,AB,30.0,35.0,24.0,0.5,1
uuko_5,2023-06-17,B,-17.67687,14.31107,AB,38.0,35.0,20.0,0.0,1
uuko_5,2023-06-17,B,-17.67687,14.31107,AB,45.0,35.0,20.0,0.0,0
uuko_5,2023-06-17,B,-17.67687,14.31107,EF,4.0,35.0,26.0,0.0,1
uuko_5,2023-06-17,B,-17.67687,14.31107,EF,12.0,35.0,18.0,0.0,0
uuko_5,2023-06-17,B,-17.67687,14.31107,EF,18.0,35.0,37.0,0.0,1
uuko_5,2023-06-17,B,-17.67687,14.31107,EF,25.0,35.0,16.0,0.0,0
uuko_5,2023-06-17,B,-17.67687,14.31107,EF,32.0,35.0,17.5,0.0,0
uuko_5,2023-06-17,B,-17.67687,14.31107,EF,39.0,35.0,27.0,0.0,0
uuko_5,2023-06-17,B,-17.67687,14.31107,EF,46.0,35.0,0.0,0.0,0
olif_1,2023-05-22,B,-23.6635,18.36941,CD,4.0,0.0,0.0,0.0,0
olif_1,2023-05-22,B,-23.6635,18.36941,CD,11.0,15.0,30.0,70.0,0
olif_1,2023-05-22,B,-23.6635,18.36941,CD,18.0,10.0,30.0,100.0,0
olif_1,2023-05-22,B,-23.6635,18.36941,CD,25.0,40.0,46.0,100.0,1
olif_1,2023-05-22,B,-23.6635,18.36941,CD,32.0,40.0,45.0,100.0,0
olif_1,2023-05-22,B,-23.6635,18.36941,CD,39.0,250.0,80.0,0.0,1
olif_1,2023-05-22,B,-23.6635,18.36941,CD,46.0,30.0,45.0,20.0,0
olif_1,2023-05-22,B,-23.6635,18.36941,AB,5.0,30.0,55.0,20.0,1
olif_1,2023-05-22,B,-23.6635,18.36941,AB,13.0,20.0,30.0,30.0,0
olif_1,2023-05-22,B,-23.6635,18.36941,AB,22.0,20.0,45.0,70.0,0
olif_1,2023-05-22,B,-23.6635,18.36941,AB,30.0,160.0,55.0,35.0,1
olif_1,2023-05-22,B,-23.6635,18.36941,AB,38.0,20.0,40.0,100.0,0
olif_1,2023-05-22,B,-23.6635,18.36941,AB,45.0,40.0,35.0,20.0,0
olif_1,2023-05-22,B,-23.6635,18.36941,EF,4.0,70.0,51.0,50.0,0
olif_1,2023-05-22,B,-23.6635,18.36941,EF,11.0,20.0,58.0,100.0,0
olif_1,2023-05-22,B,-23.6635,18.36941,EF,18.0,250.0,70.0,40.0,1
olif_1,2023-05-22,B,-23.6635,18.36941,EF,25.0,200.0,70.0,30.0,1
olif_1,2023-05-22,B,-23.6635,18.36941,EF,32.0,90.0,50.0,100.0,0
olif_1,2023-05-22,B,-23.6635,18.36941,EF,39.0,180.0,60.0,30.0,0
olif_1,2023-05-22,B,-23.6635,18.36941,EF,46.0,70.0,70.0,10.0,0
olif_2,2023-05-22,B,-23.7116,18.38913,CD,4.0,10.0,10.0,50.0,0
olif_2,2023-05-22,B,-23.7116,18.38913,CD,11.0,10.0,10.0,50.0,0
olif_2,2023-05-22,B,-23.7116,18.38913,CD,18.0,15.0,8.0,20.0,0
olif_2,2023-05-22,B,-23.7116,18.38913,CD,25.0,25.0,35.0,30.0,0
olif_2,2023-05-22,B,-23.7116,18.38913,CD,32.0,40.0,33.0,30.0,1
olif_2,2023-05-22,B,-23.7116,18.38913,CD,39.0,25.0,30.0,30.0,1
olif_2,2023-05-22,B,-23.7116,18.38913,CD,46.0,25.0,35.0,30.0,0
olif_2,2023-05-22,B,-23.7116,18.38913,AB,5.0,15.0,15.0,70.0,0
olif_2,2023-05-22,B,-23.7116,18.38913,AB,13.0,40.0,43.0,50.0,1
olif_2,2023-05-22,B,-23.7116,18.38913,AB,22.0,70.0,68.0,40.0,1
olif_2,2023-05-22,B,-23.7116,18.38913,AB,30.0,30.0,30.0,20.0,0
olif_2,2023-05-22,B,-23.7116,18.38913,AB,38.0,10.0,10.0,50.0,0
olif_2,2023-05-22,B,-23.7116,18.38913,AB,45.0,30.0,50.0,30.0,0
olif_2,2023-05-22,B,-23.7116,18.38913,EF,4.0,20.0,28.0,65.0,1
olif_2,2023-05-22,B,-23.7116,18.38913,EF,11.0,15.0,10.0,5.0,0
olif_2,2023-05-22,B,-23.7116,18.38913,EF,18.0,25.0,35.0,20.0,0
olif_2,2023-05-22,B,-23.7116,18.38913,EF,25.0,50.0,25.0,40.0,1
olif_2,2023-05-22,B,-23.7116,18.38913,EF,32.0,5.0,5.0,30.0,0
olif_2,2023-05-22,B,-23.7116,18.38913,EF,39.0,0.0,0.0,0.0,0
olif_2,2023-05-22,B,-23.7116,18.38913,EF,46.0,5.0,10.0,50.0,0
olif_3,2023-05-23,B,-23.72709,18.3608,CD,4.0,10.0,7.0,5.0,0
olif_3,2023-05-23,B,-23.72709,18.3608,CD,11.0,20.0,10.0,10.0,0
olif_3,2023-05-23,B,-23.72709,18.3608,CD,18.0,10.0,20.0,5.0,0
olif_3,2023-05-23,B,-23.72709,18.3608,CD,25.0,20.0,50.0,60.0,0
olif_3,2023-05-23,B,-23.72709,18.3608,CD,32.0,5.0,10.0,40.0,0
olif_3,2023-05-23,B,-23.72709,18.3608,CD,39.0,190.0,80.0,30.0,1
olif_3,2023-05-23,B,-23.72709,18.3608,CD,46.0,500.0,96.0,20.0,1
olif_3,2023-05-23,B,-23.72709,18.3608,AB,5.0,250.0,75.0,30.0,1
olif_3,2023-05-23,B,-23.72709,18.3608,AB,13.0,150.0,70.0,50.0,0
olif_3,2023-05-23,B,-23.72709,18.3608,AB,22.0,90.0,40.0,20.0,1
olif_3,2023-05-23,B,-23.72709,18.3608,AB,30.0,60.0,40.0,10.0,0
olif_3,2023-05-23,B,-23.72709,18.3608,AB,38.0,30.0,12.0,0.0,0
olif_3,2023-05-23,B,-23.72709,18.3608,AB,45.0,30.0,30.0,10.0,0
olif_3,2023-05-23,B,-23.72709,18.3608,EF,4.0,90.0,65.0,30.0,1
olif_3,2023-05-23,B,-23.72709,18.3608,EF,11.0,600.0,80.0,25.0,0
olif_3,2023-05-23,B,-23.72709,18.3608,EF,18.0,600.0,70.0,40.0,1
olif_3,2023-05-23,B,-23.72709,18.3608,EF,25.0,250.0,70.0,20.0,0
olif_3,2023-05-23,B,-23.72709,18.3608,EF,32.0,10.0,15.0,90.0,0
olif_3,2023-05-23,B,-23.72709,18.3608,EF,39.0,90.0,70.0,30.0,0
olif_3,2023-05-23,B,-23.72709,18.3608,EF,46.0,110.0,60.0,30.0,0
okah_1,2023-06-03,B,-20.8642,19.2306,CD,4.0,400.0,100.0,20.0,0
okah_1,2023-06-03,B,-20.8642,19.2306,CD,11.0,700.0,80.0,5.0,1
okah_1,2023-06-03,B,-20.8642,19.2306,CD,18.0,300.0,160.0,30.0,0
okah_1,2023-06-03,B,-20.8642,19.2306,CD,25.0,160.0,85.0,2.0,1
okah_1,2023-06-03,B,-20.8642,19.2306,CD,32.0,180.0,140.0,2.0,0
okah_1,2023-06-03,B,-20.8642,19.2306,CD,39.0,180.0,110.0,20.0,0
okah_1,2023-06-03,B,-20.8642,19.2306,CD,46.0,30.0,90.0,5.0,0
okah_1,2023-06-03,B,-20.8642,19.2306,AB,5.0,200.0,105.0,30.0,0
okah_1,2023-06-03,B,-20.8642,19.2306,AB,13.0,180.0,90.0,30.0,0
okah_1,2023-06-03,B,-20.8642,19.2306,AB,22.0,100.0,120.0,20.0,1
okah_1,2023-06-03,B,-20.8642,19.2306,AB,30.0,150.0,100.0,10.0,0
okah_1,2023-06-03,B,-20.8642,19.2306,AB,38.0,300.0,110.0,30.0,0
okah_1,2023-06-03,B,-20.8642,19.2306,AB,45.0,300.0,95.0,10.0,1
okah_1,2023-06-03,B,-20.8642,19.2306,EF,4.0,100.0,70.0,5.0,0
okah_1,2023-06-03,B,-20.8642,19.2306,EF,11.0,280.0,115.0,10.0,1
okah_1,2023-06-03,B,-20.8642,19.2306,EF,18.0,400.0,120.0,30.0,0
okah_1,2023-06-03,B,-20.8642,19.2306,EF,25.0,220.0,100.0,20.0,0
okah_1,2023-06-03,B,-20.8642,19.2306,EF,32.0,130.0,120.0,30.0,0
okah_1,2023-06-03,B,-20.8642,19.2306,EF,39.0,120.0,85.0,5.0,0
okah_1,2023-06-03,B,-20.8642,19.2306,EF,46.0,400.0,110.0,10.0,1
okah_2,2023-06-03,B,-20.8399,19.2343,CD,4.0,30.0,40.0,0.0,0
okah_2,2023-06-03,B,-20.8399,19.2343,CD,11.0,30.0,90.0,0.0,0
okah_2,2023-06-03,B,-20.8399,19.2343,CD,18.0,80.0,80.0,0.0,1
okah_2,2023-06-03,B,-20.8399,19.2343,CD,25.0,10.0,40.0,0.0,1
okah_2,2023-06-03,B,-20.8399,19.2343,CD,32.0,30.0,80.0,0.0,0
okah_2,2023-06-03,B,-20.8399,19.2343,CD,39.0,5.0,20.0,0.0,0
okah_2,2023-06-03,B,-20.8399,19.2343,CD,46.0,30.0,75.0,0.0,0
okah_2,2023-06-03,B,-20.8399,19.2343,AB,5.0,5.0,40.0,0.0,0
okah_2,2023-06-03,B,-20.8399,19.2343,AB,13.0,30.0,80.0,0.0,0
okah_2,2023-06-03,B,-20.8399,19.2343,AB,22.0,30.0,85.0,3.0,0
okah_2,2023-06-03,B,-20.8399,19.2343,AB,30.0,30.0,70.0,1.0,0
okah_2,2023-06-03,B,-20.8399,19.2343,AB,38.0,30.0,75.0,0.0,0
okah_2,2023-06-03,B,-20.8399,19.2343,AB,45.0,5.0,20.0,1.0,1
okah_2,2023-06-03,B,-20.8399,19.2343,EF,4.0,2.0,60.0,5.0,0
okah_2,2023-06-03,B,-20.8399,19.2343,EF,11.0,7.0,40.0,0.0,0
okah_2,2023-06-03,B,-20.8399,19.2343,EF,18.0,15.0,65.0,5.0,1
okah_2,2023-06-03,B,-20.8399,19.2343,EF,25.0,2.0,45.0,0.0,0
okah_2,2023-06-03,B,-20.8399,19.2343,EF,32.0,5.0,85.0,0.0,0
okah_2,2023-06-03,B,-20.8399,19.2343,EF,39.0,50.0,100.0,5.0,1
okah_2,2023-06-03,B,-20.8399,19.2343,EF,46.0,0.0,0.0,0.0,0
okah_4,2023-06-04,B,-20.557,19.2881,CD,4.0,20.0,105.0,20.0,1
okah_4,2023-06-04,B,-20.557,19.2881,CD,11.0,3.0,50.0,0.0,0
okah_4,2023-06-04,B,-20.557,19.2881,CD,18.0,40.0,75.0,0.0,0
okah_4,2023-06-04,B,-20.557,19.2881,CD,25.0,30.0,105.0,2.0,0
okah_4,2023-06-04,B,-20.557,19.2881,CD,32.0,150.0,120.0,1.0,1
okah_4,2023-06-04,B,-20.557,19.2881,CD,39.0,8.0,45.0,0.0,0
okah_4,2023-06-04,B,-20.557,19.2881,CD,46.0,30.0,50.0,5.0,0
okah_4,2023-06-04,B,-20.557,19.2881,AB,5.0,20.0,60.0,2.0,1
okah_4,2023-06-04,B,-20.557,19.2881,AB,13.0,3.0,20.0,0.0,1
okah_4,2023-06-04,B,-20.557,19.2881,AB,22.0,30.0,45.0,0.0,0
okah_4,2023-06-04,B,-20.557,19.2881,AB,30.0,10.0,60.0,0.0,0
okah_4,2023-06-04,B,-20.557,19.2881,AB,38.0,20.0,30.0,2.0,1
okah_4,2023-06-04,B,-20.557,19.2881,AB,45.0,5.0,15.0,0.0,0
okah_4,2023-06-04,B,-20.557,19.2881,EF,4.0,5.0,20.0,5.0,0
okah_4,2023-06-04,B,-20.557,19.2881,EF,11.0,15.0,40.0,7.0,0
okah_4,2023-06-04,B,-20.557,19.2881,EF,18.0,60.0,110.0,2.0,1
okah_4,2023-06-04,B,-20.557,19.2881,EF,25.0,3.0,12.0,0.0,0
okah_4,2023-06-04,B,-20.557,19.2881,EF,32.0,25.0,80.0,3.0,1
okah_4,2023-06-04,B,-20.557,19.2881,EF,39.0,10.0,70.0,0.0,0
okah_4,2023-06-04,B,-20.557,19.2881,EF,46.0,0.0,0.0,0.0,0
okar_1,2023-05-27,B,-21.33501,15.60011,CD,4.0,190.0,64.0,0.9,0
okar_1,2023-05-27,B,-21.33501,15.60011,CD,11.0,30.0,10.0,0.9,1
okar_1,2023-05-27,B,-21.33501,15.60011,CD,18.0,40.0,12.0,2.0,0
okar_1,2023-05-27,B,-21.33501,15.60011,CD,25.0,90.0,8.0,1.0,0
okar_1,2023-05-27,B,-21.33501,15.60011,CD,32.0,150.0,10.0,3.0,0
okar_1,2023-05-27,B,-21.33501,15.60011,CD,39.0,200.0,14.0,0.9,0
okar_1,2023-05-27,B,-21.33501,15.60011,CD,46.0,100.0,8.0,0.9,0
okar_1,2023-05-27,B,-21.33501,15.60011,AB,5.0,100.0,3.0,2.0,0
okar_1,2023-05-27,B,-21.33501,15.60011,AB,13.0,150.0,11.0,0.9,0
okar_1,2023-05-27,B,-21.33501,15.60011,AB,22.0,240.0,21.0,0.9,1
okar_1,2023-05-27,B,-21.33501,15.60011,AB,30.0,90.0,2.0,5.0,1
okar_1,2023-05-27,B,-21.33501,15.60011,AB,38.0,100.0,28.0,2.9,0
okar_1,2023-05-27,B,-21.33501,15.60011,AB,46.0,200.0,31.0,0.9,0
okar_1,2023-05-27,B,-21.33501,15.60011,EF,4.0,70.0,38.0,2.0,1
okar_1,2023-05-27,B,-21.33501,15.60011,EF,11.0,40.0,28.0,0.9,0
okar_1,2023-05-27,B,-21.33501,15.60011,EF,18.0,60.0,8.0,1.0,0
okar_1,2023-05-27,B,-21.33501,15.60011,EF,25.0,50.0,10.0,2.0,0
okar_1,2023-05-27,B,-21.33501,15.60011,EF,32.0,60.0,10.0,0.9,0
okar_1,2023-05-27,B,-21.33501,15.60011,EF,37.0,50.0,12.0,0.9,0
okar_1,2023-05-27,B,-21.33501,15.60011,EF,46.0,20.0,10.0,0.9,1
okar_2,2023-05-27,B,-21.3412,15.57402,CD,4.0,0.0,0.0,0.0,0
okar_2,2023-05-27,B,-21.3412,15.57402,CD,11.0,30.0,4.0,0.9,1
okar_2,2023-05-27,B,-21.3412,15.57402,CD,18.0,70.0,7.0,2.0,1
okar_2,2023-05-27,B,-21.3412,15.57402,CD,25.0,0.0,0.0,0.0,0
okar_2,2023-05-27,B,-21.3412,15.57402,CD,32.0,0.0,0.0,0.0,0
okar_2,2023-05-27,B,-21.3412,15.57402,CD,39.0,0.0,0.0,0.0,0
okar_2,2023-05-27,B,-21.3412,15.57402,CD,46.0,0.0,0.0,0.0,0
okar_2,2023-05-27,B,-21.3412,15.57402,AB,5.0,0.0,0.0,0.0,0
okar_2,2023-05-27,B,-21.3412,15.57402,AB,13.0,30.0,8.0,3.0,1
okar_2,2023-05-27,B,-21.3412,15.57402,AB,22.0,40.0,12.0,0.9,1
okar_2,2023-05-27,B,-21.3412,15.57402,AB,30.0,30.0,8.0,3.0,1
okar_2,2023-05-27,B,-21.3412,15.57402,AB,38.0,0.0,0.0,0.0,0
okar_2,2023-05-27,B,-21.3412,15.57402,AB,45.0,50.0,12.0,1.0,0
okar_2,2023-05-27,B,-21.3412,15.57402,EF,4.0,0.0,0.0,0.0,1
okar_2,2023-05-27,B,-21.3412,15.57402,EF,11.0,90.0,36.0,0.9,1
okar_2,2023-05-27,B,-21.3412,15.57402,EF,18.0,0.0,0.0,0.0,0
okar_2,2023-05-27,B,-21.3412,15.57402,EF,25.0,0.0,0.0,0.0,0
okar_2,2023-05-27,B,-21.3412,15.57402,EF,32.0,70.0,20.0,2.0,0
okar_2,2023-05-27,B,-21.3412,15.57402,EF,37.0,30.0,24.0,1.0,1
okar_2,2023-05-27,B,-21.3412,15.57402,EF,46.0,60.0,6.0,2.0,0
okar_6,2023-05-28,B,-21.34123,15.5888,CD,4.0,40.0,7.0,2.0,1
okar_6,2023-05-28,B,-21.34123,15.5888,CD,11.0,0.0,0.0,0.0,0
okar_6,2023-05-28,B,-21.34123,15.5888,CD,18.0,20.0,4.0,0.9,1
okar_6,2023-05-28,B,-21.34123,15.5888,CD,25.0,0.0,0.0,0.0,0
okar_6,2023-05-28,B,-21.34123,15.5888,CD,32.0,0.0,0.0,0.0,0
okar_6,2023-05-28,B,-21.34123,15.5888,CD,39.0,0.0,0.0,0.0,0
okar_6,2023-05-28,B,-21.34123,15.5888,CD,46.0,0.0,0.0,0.0,0
okar_6,2023-05-28,B,-21.34123,15.5888,AB,5.0,0.0,0.0,0.0,0
okar_6,2023-05-28,B,-21.34123,15.5888,AB,13.0,0.0,0.0,0.0,0
okar_6,2023-05-28,B,-21.34123,15.5888,AB,22.0,30.0,3.0,1.0,1
okar_6,2023-05-28,B,-21.34123,15.5888,AB,30.0,0.0,0.0,0.0,0
okar_6,2023-05-28,B,-21.34123,15.5888,AB,38.0,10.0,2.0,0.9,1
okar_6,2023-05-28,B,-21.34123,15.5888,AB,45.0,0.0,0.0,0.0,0
okar_6,2023-05-28,B,-21.34123,15.5888,EF,4.0,30.0,22.0,2.0,1
okar_6,2023-05-28,B,-21.34123,15.5888,EF,11.0,40.0,10.0,3.0,0
okar_6,2023-05-28,B,-21.34123,15.5888,EF,18.0,70.0,34.0,1.0,0
okar_6,2023-05-28,B,-21.34123,15.5888,EF,25.0,0.0,0.0,0.0,0
okar_6,2023-05-28,B,-21.34123,15.5888,EF,32.0,90.0,19.0,3.0,1
okar_6,2023-05-28,B,-21.34123,15.5888,EF,39.0,40.0,56.0,0.9,0
okar_6,2023-05-28,B,-21.34123,15.5888,EF,46.0,80.0,60.0,1.0,0
agag_1,2023-05-25,B,-21.55676,17.2491,CD,4.0,350.0,11.0,0.9,0
agag_1,2023-05-25,B,-21.55676,17.2491,CD,11.0,320.0,12.0,0.9,0
agag_1,2023-05-25,B,-21.55676,17.2491,CD,18.0,630.0,15.0,10.0,1
agag_1,2023-05-25,B,-21.55676,17.2491,CD,25.0,360.0,16.0,2.0,0
agag_1,2023-05-25,B,-21.55676,17.2491,CD,32.0,380.0,14.0,5.0,0
agag_1,2023-05-25,B,-21.55676,17.2491,CD,39.0,300.0,46.0,0.9,1
agag_1,2023-05-25,B,-21.55676,17.2491,CD,46.0,620.0,98.0,3.0,1
agag_1,2023-05-25,B,-21.55676,17.2491,AB,5.0,90.0,34.0,0.9,1
agag_1,2023-05-25,B,-21.55676,17.2491,AB,13.0,150.0,62.0,0.9,0
agag_1,2023-05-25,B,-21.55676,17.2491,AB,22.0,240.0,1.3,4.0,0
agag_1,2023-05-25,B,-21.55676,17.2491,AB,30.0,190.0,12.0,5.0,0
agag_1,2023-05-25,B,-21.55676,17.2491,AB,38.0,200.0,88.0,0.9,0
agag_1,2023-05-25,B,-21.55676,17.2491,AB,45.0,650.0,14.0,2.0,1
agag_1,2023-05-25,B,-21.55676,17.2491,EF,4.0,80.0,78.0,0.9,1
agag_1,2023-05-25,B,-21.55676,17.2491,EF,11.0,240.0,86.0,0.9,0
agag_1,2023-05-25,B,-21.55676,17.2491,EF,18.0,40.0,76.0,3.0,0
agag_1,2023-05-25,B,-21.55676,17.2491,EF,25.0,360.0,70.0,2.0,0
agag_1,2023-05-25,B,-21.55676,17.2491,EF,32.0,280.0,98.0,0.9,0
agag_1,2023-05-25,B,-21.55676,17.2491,EF,39.0,380.0,98.0,3.0,1
agag_1,2023-05-25,B,-21.55676,17.2491,EF,46.0,320.0,12.0,2.0,0
agag_2,2023-05-26,B,-21.5441,17.2359,CD,4.0,190.0,18.0,2.0,0
agag_2,2023-05-26,B,-21.5441,17.2359,CD,11.0,210.0,36.0,0.9,0
agag_2,2023-05-26,B,-21.5441,17.2359,CD,18.0,260.0,70.0,0.9,0
agag_2,2023-05-26,B,-21.5441,17.2359,CD,25.0,370.0,98.0,2.0,1
agag_2,2023-05-26,B,-21.5441,17.2359,CD,32.0,150.0,69.0,3.0,1
agag_2,2023-05-26,B,-21.5441,17.2359,CD,39.0,260.0,96.0,0.9,0
agag_2,2023-05-26,B,-21.5441,17.2359,CD,46.0,250.0,18.0,2.0,0
agag_2,2023-05-26,B,-21.5441,17.2359,AB,5.0,240.0,72.0,3.0,0
agag_2,2023-05-26,B,-21.5441,17.2359,AB,13.0,380.0,12.0,0.9,0
agag_2,2023-05-26,B,-21.5441,17.2359,AB,22.0,90.0,26.0,5.0,0
agag_2,2023-05-26,B,-21.5441,17.2359,AB,30.0,100.0,92.0,2.0,0
agag_2,2023-05-26,B,-21.5441,17.2359,AB,38.0,90.0,88.0,0.9,0
agag_2,2023-05-26,B,-21.5441,17.2359,AB,45.0,60.0,36.0,3.0,1
agag_2,2023-05-26,B,-21.5441,17.2359,EF,4.0,120.0,14.0,0.9,0
agag_2,2023-05-26,B,-21.5441,17.2359,EF,11.0,120.0,8.0,0.9,0
agag_2,2023-05-26,B,-21.5441,17.2359,EF,18.0,180.0,18.0,2.0,0
agag_2,2023-05-26,B,-21.5441,17.2359,EF,25.0,240.0,68.0,0.9,0
agag_2,2023-05-26,B,-21.5441,17.2359,EF,32.0,360.0,1.0,2.0,0
agag_2,2023-05-26,B,-21.5441,17.2359,EF,39.0,410.0,12.0,0.9,1
agag_2,2023-05-26,B,-21.5441,17.2359,EF,46.0,110.0,39.0,2.0,1
agag_3,2023-05-25,B,-21.61654,17.25204,CD,4.0,200.0,78.0,0.9,0
agag_3,2023-05-25,B,-21.61654,17.25204,CD,11.0,360.0,78.0,2.0,0
agag_3,2023-05-25,B,-21.61654,17.25204,CD,18.0,260.0,60.0,0.9,0
agag_3,2023-05-25,B,-21.61654,17.25204,CD,25.0,510.0,14.0,4.0,1
agag_3,2023-05-25,B,-21.61654,17.25204,CD,32.0,360.0,14.0,5.0,0
agag_3,2023-05-25,B,-21.61654,17.25204,CD,39.0,240.0,11.0,2.0,0
agag_3,2023-05-25,B,-21.61654,17.25204,CD,46.0,90.0,78.0,0.9,0
agag_3,2023-05-25,B,-21.61654,17.25204,AB,5.0,60.0,15.0,0.9,1
agag_3,2023-05-25,B,-21.61654,17.25204,AB,13.0,110.0,38.0,2.0,0
agag_3,2023-05-25,B,-21.61654,17.25204,AB,22.0,110.0,56.0,0.9,0
agag_3,2023-05-25,B,-21.61654,17.25204,AB,30.0,200.0,88.0,0.9,0
agag_3,2023-05-25,B,-21.61654,17.25204,AB,38.0,210.0,12.0,2.0,0
agag_3,2023-05-25,B,-21.61654,17.25204,AB,45.0,90.0,30.0,0.9,0
agag_3,2023-05-25,B,-21.61654,17.25204,EF,4.0,350.0,80.0,0.9,1
agag_3,2023-05-25,B,-21.61654,17.25204,EF,11.0,240.0,94.0,2.0,0
agag_3,2023-05-25,B,-21.61654,17.25204,EF,18.0,210.0,46.0,0.9,0
agag_3,2023-05-25,B,-21.61654,17.25204,EF,25.0,90.0,20.0,3.0,0
agag_3,2023-05-25,B,-21.61654,17.25204,EF,32.0,59.0,18.0,0.9,1
agag_3,2023-05-25,B,-21.61654,17.25204,EF,39.0,240.0,12.0,2.0,0
agag_3,2023-05-25,B,-21.61654,17.25204,EF,46.0,260.0,82.0,0.9,0
moll_1,2023-05-26,B,-22.45829,19.72756,CD,4.0,100.0,30.0,2.0,0
moll_1,2023-05-26,B,-22.45829,19.72756,CD,13.0,450.0,50.0,7.0,1
moll_1,2023-05-26,B,-22.45829,19.72756,CD,18.0,300.0,70.0,9.0,0
moll_1,2023-05-26,B,-22.45829,19.72756,CD,25.0,150.0,37.0,6.0,0
moll_1,2023-05-26,B,-22.45829,19.72756,CD,32.0,120.0,50.0,8.0,0
moll_1,2023-05-26,B,-22.45829,19.72756,CD,39.0,800.0,95.0,12.0,1
moll_1,2023-05-26,B,-22.45829,19.72756,CD,46.0,750.0,130.0,7.0,0
moll_1,2023-05-26,B,-22.45829,19.72756,AB,5.0,280.0,55.0,30.0,0
moll_1,2023-05-26,B,-22.45829,19.72756,AB,13.0,400.0,80.0,20.0,0
moll_1,2023-05-26,B,-22.45829,19.72756,AB,22.0,300.0,65.0,10.0,0
moll_1,2023-05-26,B,-22.45829,19.72756,AB,30.0,300.0,62.0,5.0,0
moll_1,2023-05-26,B,-22.45829,19.72756,AB,38.0,180.0,90.0,5.0,1
moll_1,2023-05-26,B,-22.45829,19.72756,AB,45.0,300.0,93.0,20.0,1
moll_1,2023-05-26,B,-22.45829,19.72756,EF,4.0,240.0,55.0,5.0,0
moll_1,2023-05-26,B,-22.45829,19.72756,EF,11.0,30.0,17.0,1.0,1
moll_1,2023-05-26,B,-22.45829,19.72756,EF,18.0,80.0,40.0,4.0,0
moll_1,2023-05-26,B,-22.45829,19.72756,EF,25.0,200.0,45.0,8.0,0
moll_1,2023-05-26,B,-22.45829,19.72756,EF,32.0,300.0,52.0,10.0,1
moll_1,2023-05-26,B,-22.45829,19.72756,EF,39.0,150.0,72.0,10.0,0
moll_1,2023-05-26,B,-22.45829,19.72756,EF,46.0,550.0,60.0,7.0,0
moll_2,2023-05-25,B,-22.45986,19.75944,CD,4.0,800.0,70.0,7.0,0
moll_2,2023-05-25,B,-22.45986,19.75944,CD,13.0,270.0,60.0,4.0,1
moll_2,2023-05-25,B,-22.45986,19.75944,CD,18.0,290.0,50.0,3.0,0
moll_2,2023-05-25,B,-22.45986,19.75944,CD,25.0,450.0,55.0,5.0,1
moll_2,2023-05-25,B,-22.45986,19.75944,CD,32.0,600.0,75.0,7.0,0
moll_2,2023-05-25,B,-22.45986,19.75944,CD,39.0,670.0,80.0,7.0,0
moll_2,2023-05-25,B,-22.45986,19.75944,CD,46.0,290.0,80.0,4.0,0
moll_2,2023-05-25,B,-22.45986,19.75944,AB,5.0,620.0,70.0,5.0,0
moll_2,2023-05-25,B,-22.45986,19.75944,AB,13.0,500.0,75.0,2.0,1
moll_2,2023-05-25,B,-22.45986,19.75944,AB,22.0,200.0,50.0,2.0,0
moll_2,2023-05-25,B,-22.45986,19.75944,AB,30.0,600.0,65.0,3.0,0
moll_2,2023-05-25,B,-22.45986,19.75944,AB,38.0,287.0,75.0,5.0,0
moll_2,2023-05-25,B,-22.45986,19.75944,AB,45.0,700.0,80.0,5.0,1
moll_2,2023-05-25,B,-22.45986,19.75944,EF,4.0,450.0,70.0,3.0,0
moll_2,2023-05-25,B,-22.45986,19.75944,EF,11.0,480.0,80.0,7.0,0
moll_2,2023-05-25,B,-22.45986,19.75944,EF,18.0,50.0,90.0,2.0,0
moll_2,2023-05-25,B,-22.45986,19.75944,EF,25.0,550.0,70.0,5.0,1
moll_2,2023-05-25,B,-22.45986,19.75944,EF,35.0,150.0,45.0,2.0,0
moll_2,2023-05-25,B,-22.45986,19.75944,EF,39.0,750.0,80.0,3.0,1
moll_2,2023-05-25,B,-22.45986,19.75944,EF,47.0,700.0,70.0,4.0,0
moll_3,2023-03-26,B,-22.492,19.7671,CD,4.0,40.0,40.0,0.0,0
moll_3,2023-03-26,B,-22.492,19.7671,CD,13.0,150.0,38.0,2.0,0
moll_3,2023-03-26,B,-22.492,19.7671,CD,18.0,20.0,42.0,0.0,1
moll_3,2023-03-26,B,-22.492,19.7671,CD,26.0,400.0,70.0,10.0,1
moll_3,2023-03-26,B,-22.492,19.7671,CD,33.0,40.0,40.0,2.0,0
moll_3,2023-03-26,B,-22.492,19.7671,CD,40.0,420.0,90.0,10.0,0
moll_3,2023-03-26,B,-22.492,19.7671,CD,46.0,35.0,40.0,2.0,0
moll_3,2023-03-26,B,-22.492,19.7671,AB,5.0,150.0,60.0,7.0,0
moll_3,2023-03-26,B,-22.492,19.7671,AB,15.0,110.0,60.0,12.0,0
moll_3,2023-03-26,B,-22.492,19.7671,AB,25.0,90.0,40.0,3.0,0
moll_3,2023-03-26,B,-22.492,19.7671,AB,30.0,250.0,55.0,2.0,0
moll_3,2023-03-26,B,-22.492,19.7671,AB,42.0,290.0,70.0,10.0,1
moll_3,2023-03-26,B,-22.492,19.7671,AB,45.0,70.0,30.0,30.0,1
moll_3,2023-03-26,B,-22.492,19.7671,EF,4.0,60.0,35.0,10.0,0
moll_3,2023-03-26,B,-22.492,19.7671,EF,11.0,50.0,55.0,10.0,0
moll_3,2023-03-26,B,-22.492,19.7671,EF,18.0,200.0,80.0,60.0,0
moll_3,2023-03-26,B,-22.492,19.7671,EF,25.0,130.0,45.0,20.0,1
moll_3,2023-03-26,B,-22.492,19.7671,EF,35.0,20.0,35.0,1.0,0
moll_3,2023-03-26,B,-22.492,19.7671,EF,39.0,300.0,120.0,25.0,1
moll_3,2023-03-26,B,-22.492,19.7671,EF,47.0,0.0,0.0,0.0,0
lard_1,2023-05-27,B,-19.9792,17.0277,CD,4.0,190.0,78.0,15.0,1
lard_1,2023-05-27,B,-19.9792,17.0277,CD,11.0,20.0,25.0,2.0,1
lard_1,2023-05-27,B,-19.9792,17.0277,CD,18.0,170.0,65.0,7.0,0
lard_1,2023-05-27,B,-19.9792,17.0277,CD,25.0,100.0,20.0,2.0,0
lard_1,2023-05-27,B,-19.9792,17.0277,CD,32.0,150.0,80.0,4.0,0
lard_1,2023-05-27,B,-19.9792,17.0277,CD,39.0,300.0,75.0,50.0,0
lard_1,2023-05-27,B,-19.9792,17.0277,CD,46.0,170.0,70.0,2.0,0
lard_1,2023-05-27,B,-19.9792,17.0277,AB,5.0,75.0,28.0,70.0,0
lard_1,2023-05-27,B,-19.9792,17.0277,AB,13.0,190.0,38.0,0.0,1
lard_1,2023-05-27,B,-19.9792,17.0277,AB,22.0,30.0,18.0,0.0,0
lard_1,2023-05-27,B,-19.9792,17.0277,AB,31.0,120.0,70.0,2.0,0
lard_1,2023-05-27,B,-19.9792,17.0277,AB,38.0,210.0,80.0,0.5,0
lard_1,2023-05-27,B,-19.9792,17.0277,AB,45.0,280.0,60.0,1.0,1
lard_1,2023-05-27,B,-19.9792,17.0277,EF,4.0,30.0,38.0,2.0,0
lard_1,2023-05-27,B,-19.9792,17.0277,EF,11.0,15.0,15.0,2.0,1
lard_1,2023-05-27,B,-19.9792,17.0277,EF,22.0,90.0,98.0,12.0,0
lard_1,2023-05-27,B,-19.9792,17.0277,EF,26.0,25.0,55.0,2.0,0
lard_1,2023-05-27,B,-19.9792,17.0277,EF,30.5,35.0,25.0,2.0,0
lard_1,2023-05-27,B,-19.9792,17.0277,EF,37.0,75.0,87.0,5.0,0
lard_1,2023-05-27,B,-19.9792,17.0277,EF,46.0,170.0,85.0,5.0,1
lard_2,2023-06-21,B,-19.98798,17.04011,CD,3.0,15.0,38.0,30.0,0
lard_2,2023-06-21,B,-19.98798,17.04011,CD,8.5,15.0,10.0,5.0,1
lard_2,2023-06-21,B,-19.98798,17.04011,CD,18.0,18.0,15.0,5.0,1
lard_2,2023-06-21,B,-19.98798,17.04011,CD,25.0,15.0,28.0,20.0,0
lard_2,2023-06-21,B,-19.98798,17.04011,CD,32.0,9.0,11.0,5.0,0
lard_2,2023-06-21,B,-19.98798,17.04011,CD,39.0,20.0,20.0,30.0,0
lard_2,2023-06-21,B,-19.98798,17.04011,CD,46.5,10.0,37.0,2.0,0
lard_2,2023-06-21,B,-19.98798,17.04011,AB,5.0,0.0,0.0,0.0,0
lard_2,2023-06-21,B,-19.98798,17.04011,AB,12.0,13.0,20.0,15.0,0
lard_2,2023-06-21,B,-19.98798,17.04011,AB,22.5,75.0,35.0,75.0,0
lard_2,2023-06-21,B,-19.98798,17.04011,AB,30.0,20.0,20.0,2.0,1
lard_2,2023-06-21,B,-19.98798,17.04011,AB,39.0,20.0,45.0,20.0,0
lard_2,2023-06-21,B,-19.98798,17.04011,AB,46.5,16.0,21.0,3.0,1
lard_2,2023-06-21,B,-19.98798,17.04011,EF,4.0,60.0,60.0,50.0,0
lard_2,2023-06-21,B,-19.98798,17.04011,EF,12.0,150.0,50.0,50.0,0
lard_2,2023-06-21,B,-19.98798,17.04011,EF,28.0,50.0,38.0,60.0,0
lard_2,2023-06-21,B,-19.98798,17.04011,EF,25.0,85.0,50.0,20.0,1
lard_2,2023-06-21,B,-19.98798,17.04011,EF,32.0,15.0,31.5,10.0,0
lard_2,2023-06-21,B,-19.98798,17.04011,EF,42.0,30.0,20.0,30.0,1
lard_2,2023-06-21,B,-19.98798,17.04011,EF,46.0,40.0,31.0,5.0,1
lard_3,2023-06-21,B,-19.93913,16.98984,CD,3.0,20.0,40.0,2.0,1
lard_3,2023-06-21,B,-19.93913,16.98984,CD,11.0,20.0,20.0,2.0,0
lard_3,2023-06-21,B,-19.93913,16.98984,CD,19.5,22.0,40.0,10.0,1
lard_3,2023-06-21,B,-19.93913,16.98984,CD,25.0,5.0,12.0,0.0,0
lard_3,2023-06-21,B,-19.93913,16.98984,CD,33.5,28.0,20.0,10.0,0
lard_3,2023-06-21,B,-19.93913,16.98984,CD,39.0,24.0,10.0,2.0,0
lard_3,2023-06-21,B,-19.93913,16.98984,CD,45.0,30.0,48.0,5.0,0
lard_3,2023-06-21,B,-19.93913,16.98984,AB,5.0,150.0,98.0,15.0,1
lard_3,2023-06-21,B,-19.93913,16.98984,AB,13.0,40.0,42.0,29.0,0
lard_3,2023-06-21,B,-19.93913,16.98984,AB,22.0,12.0,15.0,0.0,0
lard_3,2023-06-21,B,-19.93913,16.98984,AB,30.0,10.0,19.0,45.0,0
lard_3,2023-06-21,B,-19.93913,16.98984,AB,38.0,70.0,55.0,5.0,1
lard_3,2023-06-21,B,-19.93913,16.98984,AB,45.5,30.0,50.0,25.0,0
lard_3,2023-06-21,B,-19.93913,16.98984,EF,4.0,70.0,52.0,35.0,1
lard_3,2023-06-21,B,-19.93913,16.98984,EF,10.0,60.0,60.0,1.0,1
lard_3,2023-06-21,B,-19.93913,16.98984,EF,18.0,0.0,0.0,0.0,0
lard_3,2023-06-21,B,-19.93913,16.98984,EF,25.0,60.0,30.0,40.0,0
lard_3,2023-06-21,B,-19.93913,16.98984,EF,30.5,45.0,65.0,35.0,0
lard_3,2023-06-21,B,-19.93913,16.98984,EF,39.0,30.0,32.0,2.0,0
lard_3,2023-06-21,B,-19.93913,16.98984,EF,46.0,40.0,52.0,5.0,0
ohak_1,2023-05-23,B,-20.74604,16.78402,CD,4.0,400.0,14.0,1.0,1
ohak_1,2023-05-23,B,-20.74604,16.78402,CD,11.0,590.0,98.0,1.0,0
ohak_1,2023-05-23,B,-20.74604,16.78402,CD,18.0,540.0,74.0,2.0,0
ohak_1,2023-05-23,B,-20.74604,16.78402,CD,25.0,430.0,94.0,1.0,0
ohak_1,2023-05-23,B,-20.74604,16.78402,CD,32.0,540.0,98.0,4.0,0
ohak_1,2023-05-23,B,-20.74604,16.78402,CD,39.0,410.0,12.0,3.0,0
ohak_1,2023-05-23,B,-20.74604,16.78402,CD,46.0,920.0,92.0,1.0,1
ohak_1,2023-05-23,B,-20.74604,16.78402,AB,5.0,410.0,76.0,4.0,0
ohak_1,2023-05-23,B,-20.74604,16.78402,AB,13.0,200.0,94.0,1.0,1
ohak_1,2023-05-23,B,-20.74604,16.78402,AB,22.0,510.0,81.0,2.0,0
ohak_1,2023-05-23,B,-20.74604,16.78402,AB,30.0,340.0,98.0,3.0,0
ohak_1,2023-05-23,B,-20.74604,16.78402,AB,38.0,710.0,12.0,4.0,1
ohak_1,2023-05-23,B,-20.74604,16.78402,AB,45.0,820.0,12.0,4.0,0
ohak_1,2023-05-23,B,-20.74604,16.78402,EF,4.0,370.0,14.0,3.0,1
ohak_1,2023-05-23,B,-20.74604,16.78402,EF,11.0,310.0,34.0,4.0,0
ohak_1,2023-05-23,B,-20.74604,16.78402,EF,18.0,290.0,88.0,2.0,0
ohak_1,2023-05-23,B,-20.74604,16.78402,EF,25.0,260.0,16.0,0.9,1
ohak_1,2023-05-23,B,-20.74604,16.78402,EF,32.0,350.0,12.0,0.9,0
ohak_1,2023-05-23,B,-20.74604,16.78402,EF,39.0,310.0,94.0,2.0,0
ohak_1,2023-05-23,B,-20.74604,16.78402,EF,46.0,360.0,96.0,1.0,0
ohak_2,2023-05-24,B,-20.74536,16.7911,CD,4.0,260.0,92.0,0.9,0
ohak_2,2023-05-24,B,-20.74536,16.7911,CD,11.0,200.0,1.2,2.0,1
ohak_2,2023-05-24,B,-20.74536,16.7911,CD,18.0,210.0,93.0,1.0,0
ohak_2,2023-05-24,B,-20.74536,16.7911,CD,25.0,270.0,91.0,3.0,0
ohak_2,2023-05-24,B,-20.74536,16.7911,CD,32.0,290.0,88.0,1.0,0
ohak_2,2023-05-24,B,-20.74536,16.7911,CD,39.0,600.0,90.0,2.0,0
ohak_2,2023-05-24,B,-20.74536,16.7911,CD,46.0,650.0,14.0,0.9,1
ohak_2,2023-05-24,B,-20.74536,16.7911,AB,5.0,420.0,1.0,3.0,1
ohak_2,2023-05-24,B,-20.74536,16.7911,AB,13.0,430.0,1.2,5.0,0
ohak_2,2023-05-24,B,-20.74536,16.7911,AB,22.0,450.0,1.2,0.9,0
ohak_2,2023-05-24,B,-20.74536,16.7911,AB,30.0,660.0,1.4,4.0,1
ohak_2,2023-05-24,B,-20.74536,16.7911,AB,38.0,430.0,92.0,0.9,0
ohak_2,2023-05-24,B,-20.74536,16.7911,AB,45.0,510.0,84.0,2.0,0
ohak_2,2023-05-24,B,-20.74536,16.7911,EF,4.0,380.0,1.4,0.9,1
ohak_2,2023-05-24,B,-20.74536,16.7911,EF,11.0,420.0,94.0,3.0,0
ohak_2,2023-05-24,B,-20.74536,16.7911,EF,18.0,400.0,1.2,4.0,0
ohak_2,2023-05-24,B,-20.74536,16.7911,EF,25.0,390.0,98.0,2.0,0
ohak_2,2023-05-24,B,-20.74536,16.7911,EF,32.0,400.0,1.6,0.9,0
ohak_2,2023-05-24,B,-20.74536,16.7911,EF,39.0,430.0,1.2,3.0,1
ohak_2,2023-05-24,B,-20.74536,16.7911,EF,46.0,380.0,98.0,5.0,0
ohak_3,2023-05-23,B,-20.75942,16.80391,CD,4.0,90.0,49.0,1.0,0
ohak_3,2023-05-23,B,-20.75942,16.80391,CD,11.0,80.0,47.0,2.0,1
ohak_3,2023-05-23,B,-20.75942,16.80391,CD,18.0,140.0,83.0,1.0,0
ohak_3,2023-05-23,B,-20.75942,16.80391,CD,25.0,110.0,56.0,0.9,0
ohak_3,2023-05-23,B,-20.75942,16.80391,CD,32.0,100.0,40.0,2.0,0
ohak_3,2023-05-23,B,-20.75942,16.80391,CD,39.0,110.0,52.0,1.0,0
ohak_3,2023-05-23,B,-20.75942,16.80391,CD,46.0,19.0,77.0,3.0,1
ohak_3,2023-05-23,B,-20.75942,16.80391,AB,5.0,10.0,40.0,1.0,0
ohak_3,2023-05-23,B,-20.75942,16.80391,AB,13.0,100.0,27.0,4.0,0
ohak_3,2023-05-23,B,-20.75942,16.80391,AB,22.0,190.0,67.0,3.0,0
ohak_3,2023-05-23,B,-20.75942,16.80391,AB,30.0,150.0,52.0,1.0,0
ohak_3,2023-05-23,B,-20.75942,16.80391,AB,38.0,250.0,54.0,0.9,0
ohak_3,2023-05-23,B,-20.75942,16.80391,AB,45.0,230.0,84.0,3.0,0
ohak_3,2023-05-23,B,-20.75942,16.80391,EF,4.0,260.0,1.2,0.9,1
ohak_3,2023-05-23,B,-20.75942,16.80391,EF,11.0,290.0,1.4,2.0,1
ohak_3,2023-05-23,B,-20.75942,16.80391,EF,18.0,140.0,83.0,1.0,0
ohak_3,2023-05-23,B,-20.75942,16.80391,EF,25.0,220.0,79.0,1.0,0
ohak_3,2023-05-23,B,-20.75942,16.80391,EF,32.0,230.0,92.0,3.0,0
ohak_3,2023-05-23,B,-20.75942,16.80391,EF,39.0,200.0,80.0,5.0,0
ohak_3,2023-05-23,B,-20.75942,16.80391,EF,46.0,210.0,84.0,2.0,0
beul_1,2023-06-19,B,-19.62969,14.8932,CD,4.0,40.0,60.0,10.0,1
beul_1,2023-06-19,B,-19.62969,14.8932,CD,11.0,3.0,4.0,10.0,0
beul_1,2023-06-19,B,-19.62969,14.8932,CD,18.0,2.0,20.0,50.0,0
beul_1,2023-06-19,B,-19.62969,14.8932,CD,25.0,4.0,5.0,2.0,0
beul_1,2023-06-19,B,-19.62969,14.8932,CD,32.0,95.0,60.0,15.0,1
beul_1,2023-06-19,B,-19.62969,14.8932,CD,39.0,2.0,35.0,10.0,0
beul_1,2023-06-19,B,-19.62969,14.8932,CD,46.0,1.0,4.0,10.0,0
beul_1,2023-06-19,B,-19.62969,14.8932,AB,5.0,0.0,2.0,25.0,0
beul_1,2023-06-19,B,-19.62969,14.8932,AB,13.0,0.0,2.0,50.0,0
beul_1,2023-06-19,B,-19.62969,14.8932,AB,22.0,45.0,25.0,5.0,1
beul_1,2023-06-19,B,-19.62969,14.8932,AB,30.0,250.0,50.0,2.0,1
beul_1,2023-06-19,B,-19.62969,14.8932,AB,38.0,1.0,40.0,45.0,0
beul_1,2023-06-19,B,-19.62969,14.8932,AB,45.0,15.0,50.0,2.0,0
beul_1,2023-06-19,B,-19.62969,14.8932,EF,4.0,25.0,22.0,10.0,1
beul_1,2023-06-19,B,-19.62969,14.8932,EF,11.0,55.0,70.0,10.0,1
beul_1,2023-06-19,B,-19.62969,14.8932,EF,18.0,5.0,42.0,2.0,0
beul_1,2023-06-19,B,-19.62969,14.8932,EF,25.0,4.0,18.0,5.0,0
beul_1,2023-06-19,B,-19.62969,14.8932,EF,32.0,15.0,40.0,10.0,0
beul_1,2023-06-19,B,-19.62969,14.8932,EF,39.0,2.0,10.0,60.0,0
beul_1,2023-06-19,B,-19.62969,14.8932,EF,46.5,3.0,30.0,25.0,0
beul_2,2023-06-20,B,-19.63927,14.92211,CD,4.0,25.0,45.0,30.0,1
beul_2,2023-06-20,B,-19.63927,14.92211,CD,11.0,20.0,47.0,40.0,0
beul_2,2023-06-20,B,-19.63927,14.92211,CD,18.0,20.0,40.0,45.0,1
beul_2,2023-06-20,B,-19.63927,14.92211,CD,25.0,15.0,35.0,30.0,0
beul_2,2023-06-20,B,-19.63927,14.92211,CD,32.0,35.0,75.0,2.0,0
beul_2,2023-06-20,B,-19.63927,14.92211,CD,39.0,25.0,40.0,50.0,0
beul_2,2023-06-20,B,-19.63927,14.92211,CD,46.0,30.0,30.0,45.0,0
beul_2,2023-06-20,B,-19.63927,14.92211,AB,5.0,22.0,60.0,40.0,1
beul_2,2023-06-20,B,-19.63927,14.92211,AB,13.0,23.0,50.0,40.0,1
beul_2,2023-06-20,B,-19.63927,14.92211,AB,22.0,30.0,45.0,60.0,1
beul_2,2023-06-20,B,-19.63927,14.92211,AB,30.0,25.0,60.0,50.0,1
beul_2,2023-06-20,B,-19.63927,14.92211,AB,38.0,20.0,20.0,65.0,0
beul_2,2023-06-20,B,-19.63927,14.92211,AB,45.0,15.0,18.0,30.0,0
beul_2,2023-06-20,B,-19.63927,14.92211,EF,4.0,13.0,27.0,5.0,1
beul_2,2023-06-20,B,-19.63927,14.92211,EF,11.0,12.0,35.0,2.0,1
beul_2,2023-06-20,B,-19.63927,14.92211,EF,18.0,10.0,30.0,50.0,0
beul_2,2023-06-20,B,-19.63927,14.92211,EF,25.0,10.0,18.0,40.0,0
beul_2,2023-06-20,B,-19.63927,14.92211,EF,32.0,5.0,11.0,1.0,0
beul_2,2023-06-20,B,-19.63927,14.92211,EF,39.0,16.0,40.0,45.0,0
beul_2,2023-06-20,B,-19.63927,14.92211,EF,44.5,12.0,15.0,10.0,0
beul_4,2023-06-19,B,-19.65219,14.87441,CD,4.0,90.0,60.0,50.0,0
beul_4,2023-06-19,B,-19.65219,14.87441,CD,12.7,75.0,50.0,60.0,0
beul_4,2023-06-19,B,-19.65219,14.87441,CD,19.0,160.0,70.0,30.0,1
beul_4,2023-06-19,B,-19.65219,14.87441,CD,25.0,60.0,62.0,65.0,0
beul_4,2023-06-19,B,-19.65219,14.87441,CD,32.0,50.0,55.0,20.0,0
beul_4,2023-06-19,B,-19.65219,14.87441,CD,41.0,60.0,50.0,30.0,1
beul_4,2023-06-19,B,-19.65219,14.87441,CD,46.0,15.0,52.0,50.0,0
beul_4,2023-06-19,B,-19.65219,14.87441,AB,5.0,280.0,88.0,70.0,1
beul_4,2023-06-19,B,-19.65219,14.87441,AB,13.0,50.0,60.0,50.0,0
beul_4,2023-06-19,B,-19.65219,14.87441,AB,22.5,100.0,60.0,40.0,0
beul_4,2023-06-19,B,-19.65219,14.87441,AB,31.0,180.0,80.0,60.0,0
beul_4,2023-06-19,B,-19.65219,14.87441,AB,38.0,100.0,80.0,30.0,1
beul_4,2023-06-19,B,-19.65219,14.87441,AB,45.0,1.0,15.0,60.0,0
beul_4,2023-06-19,B,-19.65219,14.87441,EF,3.0,50.0,30.0,20.0,0
beul_4,2023-06-19,B,-19.65219,14.87441,EF,11.0,90.0,40.0,65.0,0
beul_4,2023-06-19,B,-19.65219,14.87441,EF,18.0,400.0,60.0,60.0,1
beul_4,2023-06-19,B,-19.65219,14.87441,EF,25.0,18.0,50.0,50.0,0
beul_4,2023-06-19,B,-19.65219,14.87441,EF,32.0,20.0,17.0,35.0,0
beul_4,2023-06-19,B,-19.65219,14.87441,EF,39.0,25.0,40.0,65.0,1
beul_4,2023-06-19,B,-19.65219,14.87441,EF,46.0,35.0,50.0,70.0,0
okon_1,2023-06-02,B,-17.52267,17.79067,CD,6.0,35.0,65.0,0.0,1
okon_1,2023-06-02,B,-17.52267,17.79067,CD,11.0,35.0,34.0,0.0,0
okon_1,2023-06-02,B,-17.52267,17.79067,CD,18.0,35.0,14.0,0.0,0
okon_1,2023-06-02,B,-17.52267,17.79067,CD,25.0,35.0,26.0,0.8,1
okon_1,2023-06-02,B,-17.52267,17.79067,CD,32.0,35.0,28.0,0.0,0
okon_1,2023-06-02,B,-17.52267,17.79067,CD,39.0,35.0,11.0,0.0,0
okon_1,2023-06-02,B,-17.52267,17.79067,CD,46.0,35.0,5.0,0.5,0
okon_1,2023-06-02,B,-17.52267,17.79067,AB,6.0,35.0,12.0,0.0,0
okon_1,2023-06-02,B,-17.52267,17.79067,AB,13.0,35.0,0.0,0.0,0
okon_1,2023-06-02,B,-17.52267,17.79067,AB,22.0,35.0,0.6,0.0,1
okon_1,2023-06-02,B,-17.52267,17.79067,AB,30.0,35.0,13.0,0.0,0
okon_1,2023-06-02,B,-17.52267,17.79067,AB,39.0,35.0,75.0,0.0,1
okon_1,2023-06-02,B,-17.52267,17.79067,AB,46.0,35.0,0.4,0.0,0
okon_1,2023-06-02,B,-17.52267,17.79067,EF,4.0,35.0,15.0,0.0,0
okon_1,2023-06-02,B,-17.52267,17.79067,EF,11.0,35.0,23.0,0.0,0
okon_1,2023-06-02,B,-17.52267,17.79067,EF,18.0,35.0,15.0,0.0,1
okon_1,2023-06-02,B,-17.52267,17.79067,EF,25.0,35.0,25.0,0.0,1
okon_1,2023-06-02,B,-17.52267,17.79067,EF,32.0,35.0,19.0,0.0,0
okon_1,2023-06-02,B,-17.52267,17.79067,EF,37.0,35.0,10.0,0.0,0
okon_1,2023-06-02,B,-17.52267,17.79067,EF,46.0,35.0,8.0,0.0,0
okon_3,2023-06-03,B,-17.52224,17.75955,CD,4.0,34.9,115.0,25.0,1
okon_3,2023-06-03,B,-17.52224,17.75955,CD,11.0,34.9,22.0,0.0,0
okon_3,2023-06-03,B,-17.52224,17.75955,CD,18.0,34.9,30.0,0.0,0
okon_3,2023-06-03,B,-17.52224,17.75955,CD,25.0,34.9,1.18,8.0,1
okon_3,2023-06-03,B,-17.52224,17.75955,CD,32.0,34.9,15.0,0.0,1
okon_3,2023-06-03,B,-17.52224,17.75955,CD,39.0,34.9,11.0,0.0,0
okon_3,2023-06-03,B,-17.52224,17.75955,CD,46.0,34.9,21.0,0.0,0
okon_3,2023-06-03,B,-17.52224,17.75955,AB,5.0,34.9,84.0,15.0,1
okon_3,2023-06-03,B,-17.52224,17.75955,AB,13.0,34.9,12.0,0.8,0
okon_3,2023-06-03,B,-17.52224,17.75955,AB,22.0,34.9,16.0,0.0,0
okon_3,2023-06-03,B,-17.52224,17.75955,AB,30.0,34.9,49.0,23.0,1
okon_3,2023-06-03,B,-17.52224,17.75955,AB,38.0,34.9,10.0,11.0,0
okon_3,2023-06-03,B,-17.52224,17.75955,AB,45.0,34.9,5.5,5.0,1
okon_3,2023-06-03,B,-17.52224,17.75955,EF,4.0,34.9,10.0,0.0,0
okon_3,2023-06-03,B,-17.52224,17.75955,EF,11.0,34.9,18.0,0.0,0
okon_3,2023-06-03,B,-17.52224,17.75955,EF,18.0,34.9,80.0,0.8,0
okon_3,2023-06-03,B,-17.52224,17.75955,EF,25.0,34.9,68.0,1.0,0
okon_3,2023-06-03,B,-17.52224,17.75955,EF,33.0,34.9,13.0,0.0,0
okon_3,2023-06-03,B,-17.52224,17.75955,EF,39.0,36.0,1.19,35.0,0
okon_3,2023-06-03,B,-17.52224,17.75955,EF,46.0,34.9,12.0,0.0,0
okon_5,2023-06-02,B,-17.52146,17.77131,CD,4.0,34.9,12.0,0.0,0
okon_5,2023-06-02,B,-17.52146,17.77131,CD,11.0,34.9,19.0,0.0,0
okon_5,2023-06-02,B,-17.52146,17.77131,CD,18.0,34.9,46.0,0.0,0
okon_5,2023-06-02,B,-17.52146,17.77131,CD,25.0,34.9,19.0,0.0,1
okon_5,2023-06-02,B,-17.52146,17.77131,CD,32.0,34.9,1.19,0.8,0
okon_5,2023-06-02,B,-17.52146,17.77131,CD,39.0,34.9,70.0,65.0,1
okon_5,2023-06-02,B,-17.52146,17.77131,CD,46.0,34.9,25.0,0.0,0
okon_5,2023-06-02,B,-17.52146,17.77131,AB,5.0,34.9,19.0,0.0,1
okon_5,2023-06-02,B,-17.52146,17.77131,AB,12.0,34.9,8.0,0.0,0
okon_5,2023-06-02,B,-17.52146,17.77131,AB,23.0,34.9,24.0,0.0,0
okon_5,2023-06-02,B,-17.52146,17.77131,AB,30.0,34.9,25.0,0.0,1
okon_5,2023-06-02,B,-17.52146,17.77131,AB,38.0,34.9,25.0,0.0,0
okon_5,2023-06-02,B,-17.52146,17.77131,AB,45.0,34.9,15.0,0.0,0
okon_5,2023-06-02,B,-17.52146,17.77131,EF,4.0,34.9,31.0,0.6,1
okon_5,2023-06-02,B,-17.52146,17.77131,EF,12.0,34.9,14.0,0.0,0
okon_5,2023-06-02,B,-17.52146,17.77131,EF,18.0,34.9,18.0,5.0,0
okon_5,2023-06-02,B,-17.52146,17.77131,EF,25.0,34.9,18.0,5.0,0
okon_5,2023-06-02,B,-17.52146,17.77131,EF,31.0,34.9,65.0,36.0,1
okon_5,2023-06-02,B,-17.52146,17.77131,EF,39.0,34.9,24.0,0.0,0
okon_5,2023-06-02,B,-17.52146,17.77131,EF,46.0,34.9,16.0,0.0,0
keet_3,2023-06-08,B,-26.58628,18.1929,CD,4.0,150.0,59.0,15.0,0
keet_3,2023-06-08,B,-26.58628,18.1929,CD,11.0,330.0,76.0,3.0,0
keet_3,2023-06-08,B,-26.58628,18.1929,CD,18.0,100.0,42.0,3.0,0
keet_3,2023-06-08,B,-26.58628,18.1929,CD,25.0,400.0,80.0,5.0,0
keet_3,2023-06-08,B,-26.58628,18.1929,CD,32.0,410.0,70.0,10.0,1
keet_3,2023-06-08,B,-26.58628,18.1929,CD,39.0,100.0,62.0,1.0,1
keet_3,2023-06-08,B,-26.58628,18.1929,CD,46.0,120.0,60.0,8.0,0
keet_3,2023-06-08,B,-26.58628,18.1929,AB,5.0,430.0,80.0,5.0,1
keet_3,2023-06-08,B,-26.58628,18.1929,AB,13.0,100.0,165.0,50.0,0
keet_3,2023-06-08,B,-26.58628,18.1929,AB,22.0,100.0,74.0,2.0,1
keet_3,2023-06-08,B,-26.58628,18.1929,AB,30.0,150.0,44.0,3.0,0
keet_3,2023-06-08,B,-26.58628,18.1929,AB,38.0,0.0,0.0,0.0,0
keet_3,2023-06-08,B,-26.58628,18.1929,AB,45.0,200.0,80.0,1.0,0
keet_3,2023-06-08,B,-26.58628,18.1929,EF,4.0,100.0,79.0,2.0,1
keet_3,2023-06-08,B,-26.58628,18.1929,EF,11.0,0.0,0.0,0.0,0
keet_3,2023-06-08,B,-26.58628,18.1929,EF,18.0,750.0,110.0,80.0,1
keet_3,2023-06-08,B,-26.58628,18.1929,EF,25.0,750.0,72.0,10.0,0
keet_3,2023-06-08,B,-26.58628,18.1929,EF,32.0,0.0,0.0,0.0,0
keet_3,2023-06-08,B,-26.58628,18.1929,EF,39.0,200.0,140.0,3.0,0
keet_3,2023-06-08,B,-26.58628,18.1929,EF,46.0,0.0,0.0,0.0,0
keet_4,2023-06-09,B,-26.56821,18.20569,CD,4.0,0.0,0.0,0.0,0
keet_4,2023-06-09,B,-26.56821,18.20569,CD,11.0,0.0,0.0,0.0,0
keet_4,2023-06-09,B,-26.56821,18.20569,CD,18.0,0.0,0.0,0.0,0
keet_4,2023-06-09,B,-26.56821,18.20569,CD,25.0,0.0,0.0,0.0,0
keet_4,2023-06-09,B,-26.56821,18.20569,CD,32.0,0.0,0.0,0.0,0
keet_4,2023-06-09,B,-26.56821,18.20569,CD,39.0,0.0,0.0,0.0,0
keet_4,2023-06-09,B,-26.56821,18.20569,CD,46.0,0.0,0.0,0.0,0
keet_4,2023-06-09,B,-26.56821,18.20569,AB,5.0,0.0,0.0,0.0,0
keet_4,2023-06-09,B,-26.56821,18.20569,AB,13.0,0.0,0.0,0.0,0
keet_4,2023-06-09,B,-26.56821,18.20569,AB,22.0,0.0,0.0,0.0,0
keet_4,2023-06-09,B,-26.56821,18.20569,AB,30.0,0.0,0.0,0.0,0
keet_4,2023-06-09,B,-26.56821,18.20569,AB,38.0,0.0,0.0,0.0,0
keet_4,2023-06-09,B,-26.56821,18.20569,AB,45.0,0.0,0.0,0.0,0
keet_4,2023-06-09,B,-26.56821,18.20569,EF,4.0,100.0,72.0,5.0,0
keet_4,2023-06-09,B,-26.56821,18.20569,EF,11.0,100.0,35.0,1.0,0
keet_4,2023-06-09,B,-26.56821,18.20569,EF,18.0,0.0,0.0,0.0,0
keet_4,2023-06-09,B,-26.56821,18.20569,EF,25.0,0.0,0.0,0.0,0
keet_4,2023-06-09,B,-26.56821,18.20569,EF,32.0,0.0,0.0,0.0,0
keet_4,2023-06-09,B,-26.56821,18.20569,EF,39.0,0.0,0.0,0.0,0
keet_4,2023-06-09,B,-26.56821,18.20569,EF,46.0,100.0,75.0,1.0,0
keet_5,2023-06-08,B,-26.5788,18.19289,CD,4.0,0.0,0.0,0.0,0
keet_5,2023-06-08,B,-26.5788,18.19289,CD,11.0,0.0,0.0,0.0,0
keet_5,2023-06-08,B,-26.5788,18.19289,CD,18.0,0.0,0.0,0.0,0
keet_5,2023-06-08,B,-26.5788,18.19289,CD,25.0,0.0,0.0,0.0,0
keet_5,2023-06-08,B,-26.5788,18.19289,CD,32.0,0.0,0.0,0.0,0
keet_5,2023-06-08,B,-26.5788,18.19289,CD,39.0,0.0,0.0,0.0,0
keet_5,2023-06-08,B,-26.5788,18.19289,CD,46.0,0.0,0.0,0.0,0
keet_5,2023-06-08,B,-26.5788,18.19289,AB,5.0,0.0,0.0,0.0,0
keet_5,2023-06-08,B,-26.5788,18.19289,AB,13.0,0.0,0.0,0.0,0
keet_5,2023-06-08,B,-26.5788,18.19289,AB,22.0,0.0,0.0,0.0,0
keet_5,2023-06-08,B,-26.5788,18.19289,AB,30.0,0.0,0.0,0.0,0
keet_5,2023-06-08,B,-26.5788,18.19289,AB,38.0,0.0,0.0,0.0,0
keet_5,2023-06-08,B,-26.5788,18.19289,AB,45.0,0.0,0.0,0.0,0
keet_5,2023-06-08,B,-26.5788,18.19289,EF,4.0,0.0,0.0,0.0,0
keet_5,2023-06-08,B,-26.5788,18.19289,EF,11.0,0.0,0.0,0.0,0
keet_5,2023-06-08,B,-26.5788,18.19289,EF,18.0,0.0,0.0,0.0,0
keet_5,2023-06-08,B,-26.5788,18.19289,EF,25.0,0.0,0.0,0.0,0
keet_5,2023-06-08,B,-26.5788,18.19289,EF,32.0,0.0,0.0,0.0,0
keet_5,2023-06-08,B,-26.5788,18.19289,EF,39.0,0.0,0.0,0.0,0
keet_5,2023-06-08,B,-26.5788,18.19289,EF,46.0,0.0,0.0,0.0,0
cala_1,2023-05-27,B,-21.4115,18.33389,CD,4.0,20.0,30.0,1.0,0
cala_1,2023-05-27,B,-21.4115,18.33389,CD,11.0,20.0,45.0,1.0,1
cala_1,2023-05-27,B,-21.4115,18.33389,CD,18.0,20.0,65.0,1.0,0
cala_1,2023-05-27,B,-21.4115,18.33389,CD,25.0,25.0,45.0,3.0,0
cala_1,2023-05-27,B,-21.4115,18.33389,CD,32.0,0.0,0.0,0.0,0
cala_1,2023-05-27,B,-21.4115,18.33389,CD,39.0,30.0,90.0,2.0,1
cala_1,2023-05-27,B,-21.4115,18.33389,CD,46.0,20.0,35.0,1.0,0
cala_1,2023-05-27,B,-21.4115,18.33389,AB,5.0,300.0,70.0,5.0,1
cala_1,2023-05-27,B,-21.4115,18.33389,AB,13.0,60.0,50.0,0.0,1
cala_1,2023-05-27,B,-21.4115,18.33389,AB,22.0,30.0,70.0,4.0,0
cala_1,2023-05-27,B,-21.4115,18.33389,AB,30.0,40.0,55.0,3.0,0
cala_1,2023-05-27,B,-21.4115,18.33389,AB,38.0,95.0,80.0,0.0,0
cala_1,2023-05-27,B,-21.4115,18.33389,AB,45.0,35.0,65.0,5.0,0
cala_1,2023-05-27,B,-21.4115,18.33389,EF,4.0,400.0,75.0,50.0,1
cala_1,2023-05-27,B,-21.4115,18.33389,EF,11.0,70.0,90.0,5.0,1
cala_1,2023-05-27,B,-21.4115,18.33389,EF,18.0,0.0,0.0,0.0,0
cala_1,2023-05-27,B,-21.4115,18.33389,EF,25.0,50.0,80.0,20.0,0
cala_1,2023-05-27,B,-21.4115,18.33389,EF,32.0,10.0,30.0,1.0,0
cala_1,2023-05-27,B,-21.4115,18.33389,EF,39.0,5.0,30.0,0.0,0
cala_1,2023-05-27,B,-21.4115,18.33389,EF,46.0,1.0,25.0,0.0,0
cala_2,2023-05-27,B,-21.44001,18.28947,CD,4.0,1000.0,120.0,10.0,0
cala_2,2023-05-27,B,-21.44001,18.28947,CD,11.0,700.0,130.0,5.0,0
cala_2,2023-05-27,B,-21.44001,18.28947,CD,18.0,450.0,150.0,10.0,1
cala_2,2023-05-27,B,-21.44001,18.28947,CD,25.0,620.0,130.0,5.0,0
cala_2,2023-05-27,B,-21.44001,18.28947,CD,32.0,1300.0,130.0,15.0,0
cala_2,2023-05-27,B,-21.44001,18.28947,CD,39.0,1500.0,120.0,30.0,1
cala_2,2023-05-27,B,-21.44001,18.28947,CD,46.0,750.0,90.0,25.0,0
cala_2,2023-05-27,B,-21.44001,18.28947,AB,5.0,1300.0,110.0,10.0,1
cala_2,2023-05-27,B,-21.44001,18.28947,AB,13.0,620.0,120.0,15.0,0
cala_2,2023-05-27,B,-21.44001,18.28947,AB,22.0,1200.0,120.0,15.0,0
cala_2,2023-05-27,B,-21.44001,18.28947,AB,30.0,800.0,150.0,10.0,1
cala_2,2023-05-27,B,-21.44001,18.28947,AB,38.0,900.0,140.0,10.0,0
cala_2,2023-05-27,B,-21.44001,18.28947,AB,45.0,800.0,160.0,10.0,0
cala_2,2023-05-27,B,-21.44001,18.28947,EF,4.0,1000.0,120.0,35.0,0
cala_2,2023-05-27,B,-21.44001,18.28947,EF,11.0,900.0,110.0,10.0,0
cala_2,2023-05-27,B,-21.44001,18.28947,EF,18.0,950.0,120.0,20.0,1
cala_2,2023-05-27,B,-21.44001,18.28947,EF,25.0,1200.0,110.0,15.0,0
cala_2,2023-05-27,B,-21.44001,18.28947,EF,32.0,1300.0,140.0,7.0,0
cala_2,2023-05-27,B,-21.44001,18.28947,EF,39.0,800.0,140.0,5.0,1
cala_2,2023-05-27,B,-21.44001,18.28947,EF,46.0,1200.0,165.0,15.0,0
cala_3,2023-05-28,B,-21.3988,18.26359,CD,4.0,700.0,100.0,10.0,0
cala_3,2023-05-28,B,-21.3988,18.26359,CD,11.0,30.0,90.0,3.0,0
cala_3,2023-05-28,B,-21.3988,18.26359,CD,18.0,200.0,140.0,50.0,0
cala_3,2023-05-28,B,-21.3988,18.26359,CD,25.0,150.0,75.0,30.0,0
cala_3,2023-05-28,B,-21.3988,18.26359,CD,32.0,500.0,100.0,20.0,1
cala_3,2023-05-28,B,-21.3988,18.26359,CD,39.0,850.0,120.0,20.0,1
cala_3,2023-05-28,B,-21.3988,18.26359,CD,46.0,500.0,95.0,30.0,0
cala_3,2023-05-28,B,-21.3988,18.26359,AB,5.0,800.0,85.0,30.0,1
cala_3,2023-05-28,B,-21.3988,18.26359,AB,13.0,590.0,100.0,40.0,0
cala_3,2023-05-28,B,-21.3988,18.26359,AB,22.0,700.0,160.0,20.0,0
cala_3,2023-05-28,B,-21.3988,18.26359,AB,30.0,300.0,110.0,35.0,0
cala_3,2023-05-28,B,-21.3988,18.26359,AB,38.0,170.0,120.0,5.0,0
cala_3,2023-05-28,B,-21.3988,18.26359,AB,45.0,100.0,75.0,25.0,1
cala_3,2023-05-28,B,-21.3988,18.26359,EF,4.0,120.0,90.0,40.0,0
cala_3,2023-05-28,B,-21.3988,18.26359,EF,11.0,60.0,90.0,10.0,1
cala_3,2023-05-28,B,-21.3988,18.26359,EF,18.0,300.0,120.0,5.0,0
cala_3,2023-05-28,B,-21.3988,18.26359,EF,25.0,300.0,100.0,5.0,0
cala_3,2023-05-28,B,-21.3988,18.26359,EF,32.0,300.0,100.0,5.0,0
cala_3,2023-05-28,B,-21.3988,18.26359,EF,39.0,600.0,80.0,15.0,1
cala_3,2023-05-28,B,-21.3988,18.26359,EF,46.0,10.0,130.0,5.0,0
neud_1,2023-06-10,B,-22.4973,17.329,CD,4.0,290.0,93.0,10.0,0
neud_1,2023-06-10,B,-22.4973,17.329,CD,11.0,80.0,86.0,20.0,1
neud_1,2023-06-10,B,-22.4973,17.329,CD,18.0,,,,.
neud_1,2023-06-10,B,-22.4973,17.329,CD,25.0,200.0,65.0,13.0,0
neud_1,2023-06-10,B,-22.4973,17.329,CD,32.0,260.0,79.0,3.0,0
neud_1,2023-06-10,B,-22.4973,17.329,CD,39.0,219.0,113.0,10.0,1
neud_1,2023-06-10,B,-22.4973,17.329,CD,46.0,240.0,73.0,8.0,0
neud_1,2023-06-10,B,-22.4973,17.329,AB,5.0,340.0,78.0,3.0,0
neud_1,2023-06-10,B,-22.4973,17.329,AB,13.0,250.0,90.0,1.0,0
neud_1,2023-06-10,B,-22.4973,17.329,AB,22.0,200.0,60.0,2.0,0
neud_1,2023-06-10,B,-22.4973,17.329,AB,30.0,320.0,100.0,20.0,0
neud_1,2023-06-10,B,-22.4973,17.329,AB,38.0,390.0,105.0,5.0,1
neud_1,2023-06-10,B,-22.4973,17.329,AB,45.0,150.0,62.0,4.0,1
neud_1,2023-06-10,B,-22.4973,17.329,EF,4.0,150.0,63.0,1.0,0
neud_1,2023-06-10,B,-22.4973,17.329,EF,11.0,350.0,80.0,10.0,1
neud_1,2023-06-10,B,-22.4973,17.329,EF,18.0,240.0,68.0,3.0,0
neud_1,2023-06-10,B,-22.4973,17.329,EF,25.0,200.0,75.0,5.0,0
neud_1,2023-06-10,B,-22.4973,17.329,EF,32.0,80.0,80.0,40.0,1
neud_1,2023-06-10,B,-22.4973,17.329,EF,39.0,250.0,67.0,1.0,0
neud_1,2023-06-10,B,-22.4973,17.329,EF,46.0,260.0,70.0,2.0,0
neud_2,2023-06-10,B,-22.5093,17.352,CD,4.0,260.0,72.0,1.0,0
neud_2,2023-06-10,B,-22.5093,17.352,CD,11.0,350.0,105.0,2.0,1
neud_2,2023-06-10,B,-22.5093,17.352,CD,18.0,250.0,72.0,2.0,0
neud_2,2023-06-10,B,-22.5093,17.352,CD,25.0,180.0,60.0,1.0,0
neud_2,2023-06-10,B,-22.5093,17.352,CD,32.0,270.0,92.0,3.0,0
neud_2,2023-06-10,B,-22.5093,17.352,CD,39.0,290.0,60.0,1.0,0
neud_2,2023-06-10,B,-22.5093,17.352,CD,46.0,170.0,45.0,1.0,1
neud_2,2023-06-10,B,-22.5093,17.352,AB,5.0,150.0,73.0,0.5,1
neud_2,2023-06-10,B,-22.5093,17.352,AB,13.0,270.0,90.0,1.0,0
neud_2,2023-06-10,B,-22.5093,17.352,AB,22.0,350.0,90.0,3.0,1
neud_2,2023-06-10,B,-22.5093,17.352,AB,30.0,300.0,66.0,1.0,0
neud_2,2023-06-10,B,-22.5093,17.352,AB,38.0,250.0,60.0,2.0,0
neud_2,2023-06-10,B,-22.5093,17.352,AB,45.0,260.0,67.0,1.0,0
neud_2,2023-06-10,B,-22.5093,17.352,EF,4.0,260.0,92.0,2.0,0
neud_2,2023-06-10,B,-22.5093,17.352,EF,11.0,390.0,80.0,1.0,1
neud_2,2023-06-10,B,-22.5093,17.352,EF,18.0,300.0,103.0,1.0,0
neud_2,2023-06-10,B,-22.5093,17.352,EF,25.0,120.0,80.0,1.0,1
neud_2,2023-06-10,B,-22.5093,17.352,EF,32.0,250.0,75.0,1.0,0
neud_2,2023-06-10,B,-22.5093,17.352,EF,39.0,290.0,68.0,1.0,0
neud_2,2023-06-10,B,-22.5093,17.352,EF,46.0,270.0,65.0,3.0,0
neud_3,2023-06-10,B,-22.4875,17.3304,CD,4.0,290.0,63.0,1.0,0
neud_3,2023-06-10,B,-22.4875,17.3304,CD,11.0,260.0,62.0,2.0,0
neud_3,2023-06-10,B,-22.4875,17.3304,CD,18.0,280.0,55.0,0.0,0
neud_3,2023-06-10,B,-22.4875,17.3304,CD,25.0,100.0,48.0,3.0,1
neud_3,2023-06-10,B,-22.4875,17.3304,CD,32.0,180.0,50.0,2.0,0
neud_3,2023-06-10,B,-22.4875,17.3304,CD,39.0,110.0,45.0,6.0,0
neud_3,2023-06-10,B,-22.4875,17.3304,CD,46.0,310.0,65.0,5.0,1
neud_3,2023-06-10,B,-22.4875,17.3304,AB,5.0,260.0,60.0,6.0,0
neud_3,2023-06-10,B,-22.4875,17.3304,AB,13.0,480.0,58.0,10.0,1
neud_3,2023-06-10,B,-22.4875,17.3304,AB,22.0,150.0,35.0,1.0,1
neud_3,2023-06-10,B,-22.4875,17.3304,AB,30.0,390.0,70.0,15.0,0
neud_3,2023-06-10,B,-22.4875,17.3304,AB,38.0,250.0,55.0,1.0,0
neud_3,2023-06-10,B,-22.4875,17.3304,AB,45.0,350.0,85.0,2.0,0
neud_3,2023-06-10,B,-22.4875,17.3304,EF,4.0,260.0,64.0,2.0,0
neud_3,2023-06-10,B,-22.4875,17.3304,EF,11.0,240.0,70.0,5.0,0
neud_3,2023-06-10,B,-22.4875,17.3304,EF,18.0,400.0,62.0,5.0,1
neud_3,2023-06-10,B,-22.4875,17.3304,EF,25.0,320.0,90.0,8.0,0
neud_3,2023-06-10,B,-22.4875,17.3304,EF,32.0,50.0,83.0,1.0,1
neud_3,2023-06-10,B,-22.4875,17.3304,EF,39.0,200.0,98.0,15.0,0
neud_3,2023-06-10,B,-22.4875,17.3304,EF,46.0,300.0,95.0,2.0,0
kmqs_1,2023-06-12,B,-17.57573,24.26436,CD,4.0,70.0,130.0,7.0,1
kmqs_1,2023-06-12,B,-17.57573,24.26436,CD,11.0,591.0,155.0,25.0,1
kmqs_1,2023-06-12,B,-17.57573,24.26436,CD,18.0,560.0,130.0,20.0,0
kmqs_1,2023-06-12,B,-17.57573,24.26436,CD,25.0,100.0,69.0,15.0,0
kmqs_1,2023-06-12,B,-17.57573,24.26436,CD,32.0,500.0,148.0,20.0,0
kmqs_1,2023-06-12,B,-17.57573,24.26436,CD,39.0,580.0,149.0,25.0,1
kmqs_1,2023-06-12,B,-17.57573,24.26436,CD,46.0,397.0,140.0,12.0,0
kmqs_1,2023-06-12,B,-17.57573,24.26436,AB,5.0,397.0,80.0,20.0,0
kmqs_1,2023-06-12,B,-17.57573,24.26436,AB,13.0,410.0,165.0,50.0,0
kmqs_1,2023-06-12,B,-17.57573,24.26436,AB,22.0,400.0,74.0,55.0,1
kmqs_1,2023-06-12,B,-17.57573,24.26436,AB,30.0,50.0,44.0,3.0,1
kmqs_1,2023-06-12,B,-17.57573,24.26436,AB,38.0,591.0,102.0,12.0,0
kmqs_1,2023-06-12,B,-17.57573,24.26436,AB,45.0,60.0,88.0,16.0,0
kmqs_1,2023-06-12,B,-17.57573,24.26436,EF,4.0,200.0,56.0,16.0,0
kmqs_1,2023-06-12,B,-17.57573,24.26436,EF,11.0,35.0,56.0,10.0,0
kmqs_1,2023-06-12,B,-17.57573,24.26436,EF,18.0,15.0,34.0,5.0,1
kmqs_1,2023-06-12,B,-17.57573,24.26436,EF,25.0,397.0,28.0,30.0,1
kmqs_1,2023-06-12,B,-17.57573,24.26436,EF,32.0,250.0,44.0,24.0,0
kmqs_1,2023-06-12,B,-17.57573,24.26436,EF,39.0,270.0,25.0,26.0,0
kmqs_1,2023-06-12,B,-17.57573,24.26436,EF,46.0,397.0,25.0,25.0,0
kmqs_2,2023-06-12,B,-17.58279,24.28022,CD,4.0,15.0,7.0,1.0,0
kmqs_2,2023-06-12,B,-17.58279,24.28022,CD,11.0,40.0,20.0,6.0,1
kmqs_2,2023-06-12,B,-17.58279,24.28022,CD,18.0,20.0,38.0,0.0,0
kmqs_2,2023-06-12,B,-17.58279,24.28022,CD,25.0,25.0,29.0,4.0,0
kmqs_2,2023-06-12,B,-17.58279,24.28022,CD,32.0,12.0,19.0,1.0,0
kmqs_2,2023-06-12,B,-17.58279,24.28022,CD,39.0,15.0,10.0,2.0,0
kmqs_2,2023-06-12,B,-17.58279,24.28022,CD,46.0,10.0,15.0,1.0,1
kmqs_2,2023-06-12,B,-17.58279,24.28022,AB,5.0,10.0,15.0,1.0,1
kmqs_2,2023-06-12,B,-17.58279,24.28022,AB,13.0,12.0,43.0,2.0,0
kmqs_2,2023-06-12,B,-17.58279,24.28022,AB,22.0,60.0,122.0,17.0,1
kmqs_2,2023-06-12,B,-17.58279,24.28022,AB,30.0,20.0,27.0,12.0,0
kmqs_2,2023-06-12,B,-17.58279,24.28022,AB,38.0,15.0,29.0,10.0,0
kmqs_2,2023-06-12,B,-17.58279,24.28022,AB,45.0,15.0,28.0,6.0,0
kmqs_2,2023-06-12,B,-17.58279,24.28022,EF,4.0,10.0,26.0,4.0,0
kmqs_2,2023-06-12,B,-17.58279,24.28022,EF,11.0,7.0,33.0,1.0,1
kmqs_2,2023-06-12,B,-17.58279,24.28022,EF,18.0,0.0,0.0,0.0,0
kmqs_2,2023-06-12,B,-17.58279,24.28022,EF,25.0,10.0,15.0,8.0,0
kmqs_2,2023-06-12,B,-17.58279,24.28022,EF,32.0,9.0,21.0,1.0,0
kmqs_2,2023-06-12,B,-17.58279,24.28022,EF,39.0,500.0,92.0,20.0,1
kmqs_2,2023-06-12,B,-17.58279,24.28022,EF,46.0,100.0,64.0,15.0,0
kmqs_3,2023-06-12,B,-17.58804,24.28603,CD,4.0,0.0,0.0,0.0,0
kmqs_3,2023-06-12,B,-17.58804,24.28603,CD,11.0,0.0,0.0,0.0,0
kmqs_3,2023-06-12,B,-17.58804,24.28603,CD,18.0,25.0,42.0,12.0,0
kmqs_3,2023-06-12,B,-17.58804,24.28603,CD,25.0,0.0,0.0,0.0,0
kmqs_3,2023-06-12,B,-17.58804,24.28603,CD,32.0,10.0,45.0,5.0,1
kmqs_3,2023-06-12,B,-17.58804,24.28603,CD,39.0,397.0,47.0,45.0,1
kmqs_3,2023-06-12,B,-17.58804,24.28603,CD,46.0,11.0,29.0,8.0,0
kmqs_3,2023-06-12,B,-17.58804,24.28603,AB,5.0,7.0,26.0,12.0,0
kmqs_3,2023-06-12,B,-17.58804,24.28603,AB,13.0,5.0,16.0,1.0,1
kmqs_3,2023-06-12,B,-17.58804,24.28603,AB,22.0,400.0,110.0,20.0,1
kmqs_3,2023-06-12,B,-17.58804,24.28603,AB,30.0,10.0,15.0,7.0,0
kmqs_3,2023-06-12,B,-17.58804,24.28603,AB,38.0,0.0,0.0,0.0,0
kmqs_3,2023-06-12,B,-17.58804,24.28603,AB,45.0,12.0,60.0,13.0,0
kmqs_3,2023-06-12,B,-17.58804,24.28603,EF,4.0,5.0,24.0,3.0,1
kmqs_3,2023-06-12,B,-17.58804,24.28603,EF,11.0,397.0,14.0,40.0,1
kmqs_3,2023-06-12,B,-17.58804,24.28603,EF,18.0,20.0,100.0,2.0,0
kmqs_3,2023-06-12,B,-17.58804,24.28603,EF,25.0,105.0,72.0,25.0,0
kmqs_3,2023-06-12,B,-17.58804,24.28603,EF,32.0,15.0,44.0,8.0,0
kmqs_3,2023-06-12,B,-17.58804,24.28603,EF,39.0,30.0,55.0,11.0,0
kmqs_3,2023-06-12,B,-17.58804,24.28603,EF,46.0,45.0,58.0,24.0,0
onam_1,2023-06-14,B,-17.51368,16.56017,CD,4.0,34.9,29.0,0.0,0
onam_1,2023-06-14,B,-17.51368,16.56017,CD,11.0,34.9,0.3,0.0,0
onam_1,2023-06-14,B,-17.51368,16.56017,CD,18.0,34.9,10.0,0.0,0
onam_1,2023-06-14,B,-17.51368,16.56017,CD,25.0,34.9,75.0,5.0,1
onam_1,2023-06-14,B,-17.51368,16.56017,CD,32.0,34.9,95.0,1.0,1
onam_1,2023-06-14,B,-17.51368,16.56017,CD,39.0,34.9,67.0,0.3,0
onam_1,2023-06-14,B,-17.51368,16.56017,CD,46.0,34.9,120.0,0.0,0
onam_1,2023-06-14,B,-17.51368,16.56017,AB,5.0,34.9,15.0,0.0,0
onam_1,2023-06-14,B,-17.51368,16.56017,AB,13.0,34.9,14.0,0.0,0
onam_1,2023-06-14,B,-17.51368,16.56017,AB,22.0,34.9,0.0,0.0,0
onam_1,2023-06-14,B,-17.51368,16.56017,AB,30.0,34.9,31.0,0.0,1
onam_1,2023-06-14,B,-17.51368,16.56017,AB,38.0,34.9,10.0,0.0,1
onam_1,2023-06-14,B,-17.51368,16.56017,AB,45.0,34.9,2.0,0.0,0
onam_1,2023-06-14,B,-17.51368,16.56017,EF,4.0,34.9,0.0,0.0,0
onam_1,2023-06-14,B,-17.51368,16.56017,EF,11.0,34.9,0.0,0.0,0
onam_1,2023-06-14,B,-17.51368,16.56017,EF,18.0,34.9,0.0,0.0,0
onam_1,2023-06-14,B,-17.51368,16.56017,EF,25.0,34.9,1.0,0.0,0
onam_1,2023-06-14,B,-17.51368,16.56017,EF,32.0,34.9,17.0,0.0,1
onam_1,2023-06-14,B,-17.51368,16.56017,EF,38.0,34.9,80.0,0.0,1
onam_1,2023-06-14,B,-17.51368,16.56017,EF,46.0,34.9,0.0,0.0,0
onam_2,2023-06-14,B,-17.52277,16.54667,CD,4.0,34.9,0.0,0.0,0
onam_2,2023-06-14,B,-17.52277,16.54667,CD,11.0,34.9,0.0,0.0,0
onam_2,2023-06-14,B,-17.52277,16.54667,CD,18.0,34.9,0.0,0.0,0
onam_2,2023-06-14,B,-17.52277,16.54667,CD,26.0,34.9,5.0,0.0,0
onam_2,2023-06-14,B,-17.52277,16.54667,CD,32.0,34.9,14.0,0.0,1
onam_2,2023-06-14,B,-17.52277,16.54667,CD,39.0,34.9,42.0,3.0,1
onam_2,2023-06-14,B,-17.52277,16.54667,CD,46.0,34.9,5.0,0.0,0
onam_2,2023-06-14,B,-17.52277,16.54667,AB,5.0,34.9,15.0,10.0,1
onam_2,2023-06-14,B,-17.52277,16.54667,AB,13.0,34.9,11.0,30.0,0
onam_2,2023-06-14,B,-17.52277,16.54667,AB,22.0,34.9,10.0,0.0,0
onam_2,2023-06-14,B,-17.52277,16.54667,AB,30.0,34.9,0.0,0.0,0
onam_2,2023-06-14,B,-17.52277,16.54667,AB,38.0,34.9,5.0,0.0,0
onam_2,2023-06-14,B,-17.52277,16.54667,AB,45.0,34.9,17.0,0.0,1
onam_2,2023-06-14,B,-17.52277,16.54667,EF,4.0,34.9,27.0,10.0,1
onam_2,2023-06-14,B,-17.52277,16.54667,EF,11.0,34.9,3.0,0.0,1
onam_2,2023-06-14,B,-17.52277,16.54667,EF,18.0,34.9,0.0,0.0,0
onam_2,2023-06-14,B,-17.52277,16.54667,EF,25.0,34.9,0.0,0.0,0
onam_2,2023-06-14,B,-17.52277,16.54667,EF,32.0,34.9,12.0,0.0,0
onam_2,2023-06-14,B,-17.52277,16.54667,EF,38.0,34.9,7.0,0.0,0
onam_2,2023-06-14,B,-17.52277,16.54667,EF,46.0,34.9,0.0,0.0,0
onam_5,2023-06-14,B,-17.52969,16.55458,CD,4.0,34.9,3.0,0.0,0
onam_5,2023-06-14,B,-17.52969,16.55458,CD,11.0,34.9,15.0,0.0,0
onam_5,2023-06-14,B,-17.52969,16.55458,CD,18.0,34.9,25.0,0.0,0
onam_5,2023-06-14,B,-17.52969,16.55458,CD,26.0,34.9,33.0,0.0,1
onam_5,2023-06-14,B,-17.52969,16.55458,CD,32.0,34.9,18.0,0.0,0
onam_5,2023-06-14,B,-17.52969,16.55458,CD,39.0,34.9,33.0,0.0,1
onam_5,2023-06-14,B,-17.52969,16.55458,CD,46.0,34.9,20.0,0.0,1
onam_5,2023-06-14,B,-17.52969,16.55458,AB,5.0,34.9,0.0,0.0,0
onam_5,2023-06-14,B,-17.52969,16.55458,AB,13.0,34.9,10.0,0.0,0
onam_5,2023-06-14,B,-17.52969,16.55458,AB,23.0,34.9,0.0,0.0,0
onam_5,2023-06-14,B,-17.52969,16.55458,AB,30.0,34.9,15.0,0.0,0
onam_5,2023-06-14,B,-17.52969,16.55458,AB,38.0,34.9,25.0,0.0,1
onam_5,2023-06-14,B,-17.52969,16.55458,AB,45.0,34.9,12.0,0.0,1
onam_5,2023-06-14,B,-17.52969,16.55458,EF,4.0,34.9,0.0,0.0,0
onam_5,2023-06-14,B,-17.52969,16.55458,EF,11.0,34.9,15.0,0.0,0
onam_5,2023-06-14,B,-17.52969,16.55458,EF,18.0,34.9,18.0,0.0,1
onam_5,2023-06-14,B,-17.52969,16.55458,EF,25.0,34.9,11.0,0.0,1
onam_5,2023-06-14,B,-17.52969,16.55458,EF,32.0,34.9,0.0,0.0,0
onam_5,2023-06-14,B,-17.52969,16.55458,EF,39.0,34.9,0.0,0.0,0
onam_5,2023-06-14,B,-17.52969,16.55458,EF,46.0,34.9,0.0,0.0,0
ghau_1,2023-06-07,B,-19.46402,17.79901,CD,4.0,18.0,40.0,35.0,0
ghau_1,2023-06-07,B,-19.46402,17.79901,CD,11.0,85.0,80.0,22.0,1
ghau_1,2023-06-07,B,-19.46402,17.79901,CD,18.0,25.0,80.0,5.0,1
ghau_1,2023-06-07,B,-19.46402,17.79901,CD,25.0,40.0,60.0,15.0,0
ghau_1,2023-06-07,B,-19.46402,17.79901,CD,32.0,30.0,45.0,3.0,0
ghau_1,2023-06-07,B,-19.46402,17.79901,CD,39.0,45.0,50.0,35.0,0
ghau_1,2023-06-07,B,-19.46402,17.79901,CD,46.0,30.0,50.0,4.0,0
ghau_1,2023-06-07,B,-19.46402,17.79901,AB,5.0,30.0,45.0,4.0,1
ghau_1,2023-06-07,B,-19.46402,17.79901,AB,13.0,200.0,83.0,10.0,1
ghau_1,2023-06-07,B,-19.46402,17.79901,AB,22.0,130.0,65.0,3.0,0
ghau_1,2023-06-07,B,-19.46402,17.79901,AB,30.0,30.0,50.0,2.0,0
ghau_1,2023-06-07,B,-19.46402,17.79901,AB,38.0,20.0,63.0,1.0,0
ghau_1,2023-06-07,B,-19.46402,17.79901,AB,45.0,80.0,80.0,2.0,0
ghau_1,2023-06-07,B,-19.46402,17.79901,EF,4.0,120.0,85.0,5.0,1
ghau_1,2023-06-07,B,-19.46402,17.79901,EF,11.0,200.0,70.0,5.0,0
ghau_1,2023-06-07,B,-19.46402,17.79901,EF,18.0,40.0,95.0,5.0,0
ghau_1,2023-06-07,B,-19.46402,17.79901,EF,25.0,35.0,55.0,10.0,0
ghau_1,2023-06-07,B,-19.46402,17.79901,EF,32.0,30.0,52.0,10.0,0
ghau_1,2023-06-07,B,-19.46402,17.79901,EF,39.0,100.0,75.0,6.0,1
ghau_1,2023-06-07,B,-19.46402,17.79901,EF,46.0,35.0,70.0,8.0,0
ghau_2,2023-05-05,B,-19.45181,17.8007,CD,4.0,35.0,15.0,3.0,0
ghau_2,2023-05-05,B,-19.45181,17.8007,CD,11.0,40.0,25.0,3.0,0
ghau_2,2023-05-05,B,-19.45181,17.8007,CD,18.0,25.0,30.0,3.0,0
ghau_2,2023-05-05,B,-19.45181,17.8007,CD,25.0,35.0,70.0,12.0,1
ghau_2,2023-05-05,B,-19.45181,17.8007,CD,32.0,10.0,15.0,0.0,0
ghau_2,2023-05-05,B,-19.45181,17.8007,CD,39.0,80.0,10.0,15.0,0
ghau_2,2023-05-05,B,-19.45181,17.8007,CD,46.0,250.0,1.6,15.0,1
ghau_2,2023-05-05,B,-19.45181,17.8007,AB,5.0,35.0,80.0,7.0,0
ghau_2,2023-05-05,B,-19.45181,17.8007,AB,13.0,35.0,38.0,5.0,0
ghau_2,2023-05-05,B,-19.45181,17.8007,AB,22.0,50.0,90.0,5.0,1
ghau_2,2023-05-05,B,-19.45181,17.8007,AB,30.0,60.0,60.0,15.0,0
ghau_2,2023-05-05,B,-19.45181,17.8007,AB,38.0,150.0,85.0,3.0,1
ghau_2,2023-05-05,B,-19.45181,17.8007,AB,45.0,140.0,50.0,20.0,0
ghau_2,2023-05-05,B,-19.45181,17.8007,EF,4.0,380.0,1.3,10.0,1
ghau_2,2023-05-05,B,-19.45181,17.8007,EF,11.0,90.0,1.55,2.0,0
ghau_2,2023-05-05,B,-19.45181,17.8007,EF,18.0,520.0,1.2,6.0,1
ghau_2,2023-05-05,B,-19.45181,17.8007,EF,25.0,110.0,70.0,10.0,0
ghau_2,2023-05-05,B,-19.45181,17.8007,EF,32.0,120.0,100.0,15.0,0
ghau_2,2023-05-05,B,-19.45181,17.8007,EF,39.0,530.0,1.2,10.0,0
ghau_2,2023-05-05,B,-19.45181,17.8007,EF,46.0,340.0,110.0,15.0,0
ghau_3,2023-06-05,B,-19.4272,17.75128,CD,4.0,340.0,95.0,5.0,0
ghau_3,2023-06-05,B,-19.4272,17.75128,CD,11.0,35.0,15.0,2.0,1
ghau_3,2023-06-05,B,-19.4272,17.75128,CD,18.0,80.0,80.0,10.0,0
ghau_3,2023-06-05,B,-19.4272,17.75128,CD,25.0,730.0,95.0,7.0,1
ghau_3,2023-06-05,B,-19.4272,17.75128,CD,32.0,180.0,75.0,5.0,0
ghau_3,2023-06-05,B,-19.4272,17.75128,CD,39.0,600.0,100.0,5.0,0
ghau_3,2023-06-05,B,-19.4272,17.75128,CD,46.0,100.0,80.0,3.0,0
ghau_3,2023-06-05,B,-19.4272,17.75128,AB,5.0,1100.0,110.0,5.0,1
ghau_3,2023-06-05,B,-19.4272,17.75128,AB,13.0,105.0,115.0,0.0,0
ghau_3,2023-06-05,B,-19.4272,17.75128,AB,22.0,50.0,45.0,3.0,1
ghau_3,2023-06-05,B,-19.4272,17.75128,AB,30.0,60.0,60.0,2.0,0
ghau_3,2023-06-05,B,-19.4272,17.75128,AB,38.0,40.0,20.0,2.0,0
ghau_3,2023-06-05,B,-19.4272,17.75128,AB,45.0,55.0,50.0,85.0,0
ghau_3,2023-06-05,B,-19.4272,17.75128,EF,4.0,180.0,80.0,10.0,0
ghau_3,2023-06-05,B,-19.4272,17.75128,EF,11.0,20.0,45.0,1.0,0
ghau_3,2023-06-05,B,-19.4272,17.75128,EF,18.0,50.0,35.0,1.0,1
ghau_3,2023-06-05,B,-19.4272,17.75128,EF,25.0,10.0,20.0,0.0,0
ghau_3,2023-06-05,B,-19.4272,17.75128,EF,32.0,130.0,90.0,5.0,1
ghau_3,2023-06-05,B,-19.4272,17.75128,EF,39.0,150.0,105.0,15.0,0
ghau_3,2023-06-05,B,-19.4272,17.75128,EF,46.0,60.0,85.0,3.0,0
