site_id,region,constituency,latitude,longitude,land_tenure,vegetation_cover_pct,ndvi,grass_biomass_kg_ha,bush_biomass_kg_ha,bush_encroachment_level,grazing_pressure,livestock_density_lsu_ha,carrying_capacity_ha_lsu,pasture_condition_score,last_survey_date
NAM-KHM-001,Khomas,Windhoek Rural,-22.5600,17.0800,Commercial,38.5,0.34,850.0,1200.0,Moderate,Moderate,0.08,12.5,Fair,2026-04-12
NAM-KHM-002,Khomas,Seeis,-22.4500,17.5800,Commercial,42.0,0.38,1100.0,950.0,Low,Low,0.06,10.0,Good,2026-05-01
NAM-KHM-003,Khomas,Dordabis,-22.9600,17.6500,Communal,28.0,0.24,520.0,1800.0,High,Severe,0.14,18.0,Poor,2026-03-20
NAM-KHM-004,Khomas,Hochfeld Road,-21.9000,17.3000,Commercial,45.0,0.41,1350.0,800.0,Low,Moderate,0.07,9.5,Good,2026-06-10
NAM-ERO-001,Erongo,Karibib,-21.9400,15.8500,Commercial,24.0,0.21,410.0,1400.0,Moderate,High,0.05,22.0,Poor,2026-04-18
NAM-ERO-002,Erongo,Omaruru,-21.4200,15.9500,Commercial,35.0,0.31,780.0,1100.0,Moderate,Moderate,0.06,14.0,Fair,2026-05-15
NAM-ERO-003,Erongo,Usakos,-21.9800,15.6000,Communal,18.0,0.16,290.0,1650.0,High,Severe,0.09,28.0,Poor,2026-03-10
NAM-ERO-004,Erongo,Okombahe,-21.3500,15.3800,Communal,22.0,0.19,340.0,1500.0,Moderate,High,0.07,24.0,Poor,2026-04-05
NAM-HAR-001,Hardap,Mariental Rural,-24.6000,17.9600,Commercial,29.0,0.25,580.0,900.0,Low,Moderate,0.04,20.0,Fair,2026-05-12
NAM-HAR-002,Hardap,Gibeon,-25.1300,17.7600,Communal,21.0,0.18,360.0,1250.0,Moderate,High,0.06,26.0,Poor,2026-04-02
NAM-HAR-003,Hardap,Rehoboth Rural,-23.3200,17.0800,Commercial,34.0,0.30,750.0,1100.0,Moderate,Moderate,0.06,15.0,Fair,2026-05-22
NAM-HAR-004,Hardap,Maltahöhe,-24.8400,16.9800,Commercial,25.0,0.22,460.0,850.0,Low,Low,0.03,24.0,Fair,2026-06-01
NAM-KAR-001,Karas,Keetmanshoop Rural,-26.5800,18.1300,Commercial,19.0,0.17,320.0,600.0,Low,Low,0.02,32.0,Fair,2026-04-30
NAM-KAR-002,Karas,Berseba,-26.0000,17.7700,Communal,16.0,0.14,240.0,800.0,Low,High,0.04,38.0,Poor,2026-03-14
NAM-KAR-003,Karas,Aroab,-26.8000,19.6500,Commercial,22.0,0.19,390.0,550.0,Low,Low,0.03,30.0,Fair,2026-05-18
NAM-KAR-004,Karas,Karasburg West,-28.0200,18.7500,Commercial,15.0,0.13,210.0,450.0,Low,Moderate,0.02,42.0,Poor,2026-04-10
NAM-KUN-001,Kunene,Khorixas,-20.3700,14.9600,Communal,26.0,0.23,490.0,1700.0,High,High,0.05,22.0,Poor,2026-05-08
NAM-KUN-002,Kunene,Opuwo Rural,-18.0600,13.8400,Communal,31.0,0.28,680.0,1300.0,Moderate,Moderate,0.06,18.0,Fair,2026-04-25
NAM-KUN-003,Kunene,Outjo,-20.1100,16.1500,Commercial,44.0,0.39,1250.0,1900.0,Severe,High,0.08,11.0,Good,2026-06-04
NAM-KUN-004,Kunene,Sesfontein,-19.1200,13.6200,Conservancy,23.0,0.20,380.0,1100.0,Moderate,Low,0.03,25.0,Fair,2026-03-29
NAM-OHA-001,Ohangwena,Eenhana,-17.4700,16.3300,Communal,52.0,0.48,1600.0,2100.0,High,Severe,0.15,8.0,Good,2026-05-30
NAM-OHA-002,Ohangwena,Helao Nafidi,-17.4000,15.8800,Communal,48.0,0.44,1420.0,2300.0,Severe,High,0.14,9.0,Fair,2026-04-14
NAM-OHA-003,Ohangwena,Okongo,-17.5200,17.2400,Communal,55.0,0.51,1800.0,1800.0,Moderate,Moderate,0.11,7.5,Excellent,2026-06-12
NAM-OKE-001,Okavango East,Rundu Rural,-17.9200,19.7700,Communal,58.0,0.54,1950.0,1600.0,Moderate,High,0.13,7.0,Excellent,2026-05-19
NAM-OKE-002,Okavango East,Mashare,-17.9000,20.1500,Communal,62.0,0.57,2200.0,1400.0,Low,Moderate,0.12,6.5,Excellent,2026-06-08
NAM-OKW-001,Okavango West,Nkurenkuru,-17.6200,18.6000,Communal,56.0,0.52,1850.0,1750.0,Moderate,Moderate,0.12,7.2,Good,2026-05-11
NAM-OMA-001,Omaheke,Gobabis,-22.4500,18.9700,Commercial,46.0,0.42,1400.0,1600.0,High,Moderate,0.08,9.0,Good,2026-05-25
NAM-OMA-002,Omaheke,Epukiro,-21.7000,19.1000,Communal,38.0,0.35,980.0,2200.0,Severe,Severe,0.11,13.0,Poor,2026-04-20
NAM-OMA-003,Omaheke,Otjinene,-21.1400,18.7800,Communal,41.0,0.37,1120.0,1950.0,High,High,0.10,11.5,Fair,2026-06-02
NAM-OMA-004,Omaheke,Steinhausen,-21.8200,18.2300,Commercial,49.0,0.45,1550.0,1200.0,Moderate,Low,0.07,8.5,Excellent,2026-05-04
NAM-OMU-001,Omusati,Outapi,-17.5000,14.9800,Communal,43.0,0.39,1150.0,1500.0,Moderate,Severe,0.13,11.0,Fair,2026-04-16
NAM-OMU-002,Omusati,Ruacana,-17.4300,14.3800,Communal,36.0,0.32,880.0,1350.0,Moderate,High,0.10,14.0,Fair,2026-05-27
NAM-OSH-001,Oshana,Oshakati East,-17.7800,15.7000,Communal,40.0,0.36,1020.0,1400.0,Moderate,Severe,0.14,12.0,Fair,2026-04-22
NAM-OSH-002,Oshana,Ondangwa Rural,-17.9100,15.9600,Communal,39.0,0.35,970.0,1300.0,Moderate,High,0.12,12.5,Fair,2026-05-14
NAM-OSK-001,Oshikoto,Tsumeb,-19.2400,17.7100,Commercial,51.0,0.47,1650.0,2100.0,Severe,Moderate,0.09,8.0,Good,2026-06-06
NAM-OSK-002,Oshikoto,Guinas,-19.2000,17.2000,Commercial,53.0,0.49,1720.0,1850.0,High,Low,0.07,7.8,Excellent,2026-05-29
NAM-OSK-003,Oshikoto,Omuthiya,-18.3600,16.5800,Communal,37.0,0.33,910.0,1600.0,Moderate,High,0.11,13.5,Fair,2026-04-08
NAM-OTJ-001,Otjozondjupa,Otjiwarongo,-20.4600,16.6500,Commercial,47.0,0.43,1480.0,2400.0,Severe,Moderate,0.08,8.8,Good,2026-06-11
NAM-OTJ-002,Otjozondjupa,Grootfontein,-19.5600,18.1100,Commercial,54.0,0.50,1820.0,2200.0,High,Moderate,0.08,7.5,Excellent,2026-05-23
NAM-OTJ-003,Otjozondjupa,Okakarara,-20.5800,17.4600,Communal,36.0,0.33,890.0,2800.0,Severe,Severe,0.12,14.0,Poor,2026-04-19
NAM-OTJ-004,Otjozondjupa,Okahandja,-21.9800,16.9100,Commercial,42.0,0.38,1180.0,1500.0,Moderate,Moderate,0.07,10.5,Good,2026-05-17
NAM-ZAM-001,Zambezi,Katima Mulilo Rural,-17.5000,24.2700,Communal,65.0,0.61,2450.0,1200.0,Low,Moderate,0.11,5.5,Excellent,2026-06-14
NAM-ZAM-002,Zambezi,Kongola,-17.7500,23.3800,Conservancy,61.0,0.56,2150.0,1450.0,Low,Low,0.05,6.0,Excellent,2026-05-09
