site_id,region,latitude,longitude,land_tenure,vegetation_cover_pct,ndvi,grass_biomass_kg_ha,bush_biomass_kg_ha,total_biomass_kg_ha,forage_ratio,livestock_density_lsu_ha,carrying_capacity_ha_lsu,overstocking_ratio,bush_encroachment_numeric,pasture_condition_target,pasture_condition_score
Nam-Khm-001,Khomas,-22.56,17.08,Commercial,38.5,0.34,850.0,1200.0,2050.0,0.415,0.08,12.5,1.0,2,1,Fair
Nam-Khm-002,Khomas,-22.45,17.58,Commercial,42.0,0.38,1100.0,950.0,2050.0,0.537,0.06,10.0,0.6,1,2,Good
Nam-Khm-003,Khomas,-22.96,17.65,Communal,28.0,0.24,520.0,1800.0,2320.0,0.224,0.14,18.0,2.52,3,0,Poor
Nam-Khm-004,Khomas,-21.9,17.3,Commercial,45.0,0.41,1350.0,800.0,2150.0,0.628,0.07,9.5,0.67,1,2,Good
Nam-Ero-001,Erongo,-21.94,15.85,Commercial,24.0,0.21,410.0,1400.0,1810.0,0.227,0.05,22.0,1.1,2,0,Poor
Nam-Ero-002,Erongo,-21.42,15.95,Commercial,35.0,0.31,780.0,1100.0,1880.0,0.415,0.06,14.0,0.84,2,1,Fair
Nam-Ero-003,Erongo,-21.98,15.6,Communal,18.0,0.16,290.0,1650.0,1940.0,0.149,0.09,28.0,2.52,3,0,Poor
Nam-Ero-004,Erongo,-21.35,15.38,Communal,22.0,0.19,340.0,1500.0,1840.0,0.185,0.07,24.0,1.68,2,0,Poor
Nam-Har-001,Hardap,-24.6,17.96,Commercial,29.0,0.25,580.0,900.0,1480.0,0.392,0.04,20.0,0.8,1,1,Fair
Nam-Har-002,Hardap,-25.13,17.76,Communal,21.0,0.18,360.0,1250.0,1610.0,0.224,0.06,26.0,1.56,2,0,Poor
Nam-Har-003,Hardap,-23.32,17.08,Commercial,34.0,0.3,750.0,1100.0,1850.0,0.405,0.06,15.0,0.9,2,1,Fair
Nam-Har-004,Hardap,-24.84,16.98,Commercial,25.0,0.22,460.0,850.0,1310.0,0.351,0.03,24.0,0.72,1,1,Fair
Nam-Kar-001,Karas,-26.58,18.13,Commercial,19.0,0.17,320.0,600.0,920.0,0.348,0.02,32.0,0.64,1,1,Fair
Nam-Kar-002,Karas,-26.0,17.77,Communal,16.0,0.14,240.0,800.0,1040.0,0.231,0.04,38.0,1.52,1,0,Poor
Nam-Kar-003,Karas,-26.8,19.65,Commercial,22.0,0.19,390.0,550.0,940.0,0.415,0.03,30.0,0.9,1,1,Fair
Nam-Kar-004,Karas,-28.02,18.75,Commercial,15.0,0.13,210.0,450.0,660.0,0.318,0.02,42.0,0.84,1,0,Poor
Nam-Kun-001,Kunene,-20.37,14.96,Communal,26.0,0.23,490.0,1700.0,2190.0,0.224,0.05,22.0,1.1,3,0,Poor
Nam-Kun-002,Kunene,-18.06,13.84,Communal,31.0,0.28,680.0,1300.0,1980.0,0.343,0.06,18.0,1.08,2,1,Fair
Nam-Kun-003,Kunene,-20.11,16.15,Commercial,44.0,0.39,1250.0,1900.0,3150.0,0.397,0.08,11.0,0.88,4,2,Good
Nam-Kun-004,Kunene,-19.12,13.62,Conservancy,23.0,0.2,380.0,1100.0,1480.0,0.257,0.03,25.0,0.75,2,1,Fair
Nam-Oha-001,Ohangwena,-17.47,16.33,Communal,52.0,0.48,1600.0,2100.0,3700.0,0.432,0.15,8.0,1.2,3,2,Good
Nam-Oha-002,Ohangwena,-17.4,15.88,Communal,48.0,0.44,1420.0,2300.0,3720.0,0.382,0.14,9.0,1.26,4,1,Fair
Nam-Oha-003,Ohangwena,-17.52,17.24,Communal,55.0,0.51,1800.0,1800.0,3600.0,0.5,0.11,7.5,0.82,2,3,Excellent
Nam-Oke-001,Okavango East,-17.92,19.77,Communal,58.0,0.54,1950.0,1600.0,3550.0,0.549,0.13,7.0,0.91,2,3,Excellent
Nam-Oke-002,Okavango East,-17.9,20.15,Communal,62.0,0.57,2200.0,1400.0,3600.0,0.611,0.12,6.5,0.78,1,3,Excellent
Nam-Okw-001,Okavango West,-17.62,18.6,Communal,56.0,0.52,1850.0,1750.0,3600.0,0.514,0.12,7.2,0.86,2,2,Good
Nam-Oma-001,Omaheke,-22.45,18.97,Commercial,46.0,0.42,1400.0,1600.0,3000.0,0.467,0.08,9.0,0.72,3,2,Good
Nam-Oma-002,Omaheke,-21.7,19.1,Communal,38.0,0.35,980.0,2200.0,3180.0,0.308,0.11,13.0,1.43,4,0,Poor
Nam-Oma-003,Omaheke,-21.14,18.78,Communal,41.0,0.37,1120.0,1950.0,3070.0,0.365,0.1,11.5,1.15,3,1,Fair
Nam-Oma-004,Omaheke,-21.82,18.23,Commercial,49.0,0.45,1550.0,1200.0,2750.0,0.564,0.07,8.5,0.6,2,3,Excellent
Nam-Omu-001,Omusati,-17.5,14.98,Communal,43.0,0.39,1150.0,1500.0,2650.0,0.434,0.13,11.0,1.43,2,1,Fair
Nam-Omu-002,Omusati,-17.43,14.38,Communal,36.0,0.32,880.0,1350.0,2230.0,0.395,0.1,14.0,1.4,2,1,Fair
Nam-Osh-001,Oshana,-17.78,15.7,Communal,40.0,0.36,1020.0,1400.0,2420.0,0.421,0.14,12.0,1.68,2,1,Fair
Nam-Osh-002,Oshana,-17.91,15.96,Communal,39.0,0.35,970.0,1300.0,2270.0,0.427,0.12,12.5,1.5,2,1,Fair
Nam-Osk-001,Oshikoto,-19.24,17.71,Commercial,51.0,0.47,1650.0,2100.0,3750.0,0.44,0.09,8.0,0.72,4,2,Good
Nam-Osk-002,Oshikoto,-19.2,17.2,Commercial,53.0,0.49,1720.0,1850.0,3570.0,0.482,0.07,7.8,0.55,3,3,Excellent
Nam-Osk-003,Oshikoto,-18.36,16.58,Communal,37.0,0.33,910.0,1600.0,2510.0,0.363,0.11,13.5,1.48,2,1,Fair
Nam-Otj-001,Otjozondjupa,-20.46,16.65,Commercial,47.0,0.43,1480.0,2400.0,3880.0,0.381,0.08,8.8,0.7,4,2,Good
Nam-Otj-002,Otjozondjupa,-19.56,18.11,Commercial,54.0,0.5,1820.0,2200.0,4020.0,0.453,0.08,7.5,0.6,3,3,Excellent
Nam-Otj-003,Otjozondjupa,-20.58,17.46,Communal,36.0,0.33,890.0,2800.0,3690.0,0.241,0.12,14.0,1.68,4,0,Poor
Nam-Otj-004,Otjozondjupa,-21.98,16.91,Commercial,42.0,0.38,1180.0,1500.0,2680.0,0.44,0.07,10.5,0.74,2,2,Good
Nam-Zam-001,Zambezi,-17.5,24.27,Communal,65.0,0.61,2450.0,1200.0,3650.0,0.671,0.11,5.5,0.6,1,3,Excellent
Nam-Zam-002,Zambezi,-17.75,23.38,Conservancy,61.0,0.56,2150.0,1450.0,3600.0,0.597,0.05,6.0,0.3,1,3,Excellent
